mutationId,operation,scoreableDomain,causalSignature,detected,fullBlockSize
HKDF-NULL-VS-EMPTY-SALT,hkdf,R_byte|R_val|R_cap,Input|Output,false,4
HKDF-INFO-TAMPER,hkdf,R_byte|R_val|R_cap,Input|Output,false,4
HKDF-IKM-NORMALIZATION,hkdf,R_byte|R_val|R_cap,Input|Output,false,4
HKDF-HASH-MISMATCH,hkdf,R_cap,Capability|Output|Parameter.AlgorithmChoice,false,2
HKDF-LENGTH-WITHIN-DOMAIN-PERTURBATION,hkdf,R_byte|R_val|R_cap,Output|Parameter.Length,false,4
HKDF-LENGTH-BOUNDARY-CROSSING,hkdf,R_val|R_err|R_cap,Error|Parameter.Length|Validation.Semantic,true,1
HKDF-UNSUPPORTED-HASH-DECLARATION,hkdf,R_cap,Capability|Error|Parameter.AlgorithmChoice|Validation.Semantic,false,2
GCM-PLAINTEXT-NORMALIZATION,gcm,R_byte|R_interop|R_ser|R_val|R_cap,Input|Output,true,5
GCM-AAD-ABSENT-EMPTY-DIVERGENCE,gcm,R_byte|R_interop|R_ser|R_val|R_cap,Input,true,5
GCM-AAD-IGNORED,gcm,R_byte|R_interop|R_ser|R_val|R_cap,Authentication.AEADTag|Input,true,5
GCM-IV-INTERPRETATION-DIVERGENCE,gcm,R_byte|R_interop|R_ser|R_val|R_cap,Output|Parameter.ExternalRandomnessControl,true,5
GCM-CIPHERTEXT-COMPUTATION-DIVERGENCE,gcm,R_byte|R_interop|R_ser|R_val|R_cap,Output,true,5
GCM-AUTHENTICATION-BYPASS,gcm,R_interop|R_ser|R_val|R_err|R_cap,Authentication.AEADTag|Validation.Semantic,true,2
GCM-ARTIFACT-C-T-SWAP,gcm,R_interop|R_ser|R_val|R_err|R_cap,Encoding.AEADArtifact,true,2
GCM-ARTIFACT-STRUCTURE-CORRUPTION,gcm,R_interop|R_ser|R_val|R_err|R_cap,Encoding.AEADArtifact|Validation.Semantic,true,1
GCM-KEY-PROFILE-BOUNDARY-BYPASS,gcm,R_val|R_err|R_cap,Capability|Key|Validation.Semantic,true,3
GCM-IV-PROFILE-BOUNDARY-BYPASS,gcm,R_val|R_err|R_cap,Capability|Parameter.ExternalRandomnessControl|Validation.Semantic,true,3
GCM-TAGLENGTH-PROFILE-BOUNDARY-BYPASS,gcm,R_val|R_err|R_cap,Capability|Parameter.Length|Validation.Semantic,true,3
GCM-ERROR-MISCLASSIFICATION,gcm,R_cap,Error,false,1
OAEP-MESSAGE-NORMALIZATION,oaep,R_interop|R_val|R_cap,Input|Output,true,3
OAEP-CIPHERTEXT-COMPUTATION-DIVERGENCE,oaep,R_interop|R_val|R_cap,Output,true,3
OAEP-CIPHERTEXT-LENGTH-DIVERGENCE,oaep,R_interop|R_val|R_cap,Output,true,3
OAEP-MODULUS-PROFILE-BYPASS,oaep,R_val|R_err|R_cap,Capability|Parameter.Length|Validation.Semantic,true,6
OAEP-HASH-PROFILE-BYPASS,oaep,R_val|R_err|R_cap,Capability|Parameter.AlgorithmChoice|Validation.Semantic,true,6
OAEP-MGF-COUPLING-BYPASS,oaep,R_val|R_err|R_cap,Capability|Parameter.DomainParameter|Validation.Semantic,true,6
OAEP-LABEL-PROFILE-BYPASS,oaep,R_val|R_err|R_cap,Capability|Input|Validation.Semantic,true,6
OAEP-MESSAGE-BOUNDARY-BYPASS,oaep,R_val|R_err|R_cap,Input|Validation.Semantic,true,6
OAEP-KEY-ROLE-BYPASS,oaep,R_val|R_err|R_cap,Key|Validation.Semantic,true,6
OAEP-RANDOMNESS-INTERFACE-LEAK,oaep,R_cap,Capability|Parameter.ExternalRandomnessControl,false,2
OAEP-DECRYPT-ERROR-DISCLOSURE,oaep,R_cap,Error,false,2
PSS-SIGN-MESSAGE-NORMALIZATION,pss,R_interop|R_val|R_cap,Input|Output,true,3
PSS-VERIFY-MESSAGE-NORMALIZATION,pss,R_val|R_cap,Authentication.SignatureVerification|Input,true,3
PSS-SIGNATURE-COMPUTATION-DIVERGENCE,pss,R_interop|R_val|R_cap,Output,true,3
PSS-SIGNATURE-LENGTH-DIVERGENCE,pss,R_interop|R_val|R_cap,Output,true,3
PSS-MODULUS-PROFILE-BYPASS,pss,R_val|R_err|R_cap,Capability|Parameter.Length|Validation.Semantic,true,5
PSS-HASH-PROFILE-BYPASS,pss,R_val|R_err|R_cap,Capability|Parameter.AlgorithmChoice|Validation.Semantic,true,5
PSS-MGF-COUPLING-BYPASS,pss,R_val|R_err|R_cap,Capability|Parameter.DomainParameter|Validation.Semantic,true,5
PSS-SALTLENGTH-PROFILE-BYPASS,pss,R_val|R_err|R_cap,Capability|Parameter.Length|Validation.Semantic,true,5
PSS-KEY-ROLE-BYPASS,pss,R_val|R_err|R_cap,Key|Validation.Semantic,true,5
PSS-RNG-INTERFACE-LEAK,pss,R_cap,Capability|Parameter.ExternalRandomnessControl,false,3
PSS-SALT-BYTES-INTERFACE-LEAK,pss,R_cap,Capability|Parameter.ExternalRandomnessControl,false,3
PSS-VERIFICATION-FALSE-ACCEPT,pss,R_val|R_cap,Authentication.SignatureVerification,true,3
PSS-VERIFICATION-FALSE-REJECT,pss,R_val|R_cap,Authentication.SignatureVerification,true,3
PSS-ERROR-MISCLASSIFICATION,pss,R_cap,Error,false,3
RSA-SER-PUBLIC-MATERIAL-DIVERGENCE,rsa-ser,R_byte|R_interop|R_ser|R_val|R_cap,Key,true,5
RSA-SER-PRIVATE-MATERIAL-DIVERGENCE,rsa-ser,R_byte|R_interop|R_ser|R_val|R_cap,Key,true,5
RSA-SER-DER-IMPORT-BYPASS,rsa-ser,R_interop|R_ser|R_val|R_err|R_cap,Encoding.ASN1,true,4
RSA-SER-DER-EXPORT-DIVERGENCE,rsa-ser,R_val|R_cap,Encoding.ASN1,true,4
RSA-SER-CONTAINER-IMPORT-BYPASS,rsa-ser,R_interop|R_ser|R_val|R_err|R_cap,Encoding.ASN1,true,1
RSA-SER-CONTAINER-EXPORT-DIVERGENCE,rsa-ser,R_byte|R_interop|R_ser|R_val|R_cap,Encoding.ASN1,true,5
RSA-SER-TRAILING-DATA-BYPASS,rsa-ser,R_interop|R_ser|R_val|R_err|R_cap,Validation.Syntactic,true,4
RSA-SER-ROLE-CONTAINER-BYPASS,rsa-ser,R_interop|R_ser|R_val|R_err|R_cap,Validation.Semantic,true,1
RSA-SER-OID-IMPORT-PROFILE-BYPASS,rsa-ser,R_interop|R_ser|R_val|R_err|R_cap,Parameter.AlgorithmChoice,true,4
RSA-SER-OID-EXPORT-DIVERGENCE,rsa-ser,R_byte|R_interop|R_ser|R_val|R_cap,Parameter.AlgorithmChoice,true,5
RSA-SER-PARAMETERS-IMPORT-PROFILE-BYPASS,rsa-ser,R_interop|R_ser|R_val|R_err|R_cap,Encoding.ASN1,true,4
RSA-SER-PARAMETERS-EXPORT-CANONICALIZATION-DIVERGENCE,rsa-ser,R_byte|R_interop|R_ser|R_val|R_cap,Encoding.ASN1,true,5
RSA-SER-PUBLIC-VALIDITY-BYPASS,rsa-ser,R_val|R_cap,Validation.Semantic,true,4
RSA-SER-PRIVATE-DOMAIN-BYPASS,rsa-ser,R_val|R_cap,Validation.Semantic,true,4
RSA-SER-PRIVATE-RELATIONAL-BYPASS,rsa-ser,R_val|R_cap,Validation.Semantic,true,4
RSA-SER-ERROR-MISCLASSIFICATION,rsa-ser,R_cap,Error,false,1
EC-ROLE-CONTAINER-MISMATCH,ec-ser,R_interop|R_ser|R_val|R_err|R_cap,Error|Key|Validation.Semantic,false,1
EC-CURVE-SUBSTITUTION,ec-ser,R_interop|R_ser|R_val|R_err|R_cap,Encoding.ASN1|Error|Parameter.DomainParameter|Validation.Semantic,true,4
EC-PUBLIC-POINT-ENCODING,ec-ser,R_interop|R_ser|R_val|R_err|R_cap,Encoding.KeyPoint|Error|Validation.Semantic,true,4
EC-PUBLIC-OFF-CURVE,ec-ser,R_val|R_cap,Error|Membership.CurveMembership|Validation.Semantic,true,3
EC-PRIVATE-SCALAR-RANGE,ec-ser,R_val|R_cap,Error|Key.PrivateScalar|Validation.Semantic,true,3
EC-PRIVATE-PAIR-MISMATCH,ec-ser,R_val|R_cap,Error|Key.PublicPrivateConsistency|Validation.Semantic,true,3
EC-PUBLIC-DER-MALFORMED,ec-ser,R_interop|R_ser|R_val|R_err|R_cap,Encoding.ASN1|Error|Validation.Syntactic,true,4
EC-PRIVATE-DER-MALFORMED,ec-ser,R_interop|R_ser|R_val|R_err|R_cap,Encoding.ASN1|Error|Validation.Syntactic,true,4
EC-PRIVATE-PARAMS-ABSENT,ec-ser,R_interop|R_ser|R_val|R_cap,Output|Validation.Semantic,true,1
EC-PRIVATE-PARAMS-MISMATCH,ec-ser,R_interop|R_ser|R_val|R_err|R_cap,Encoding.ASN1|Error|Parameter.DomainParameter|Validation.Semantic,true,1
EC-PRIVATE-PUBKEY-ABSENT,ec-ser,R_interop|R_ser|R_val|R_err|R_cap,Encoding.ASN1|Error|Validation.Semantic,true,1
EC-NATIVE-EXPORT-LEAK,ec-ser,R_cap,Encoding.ASN1|Output,false,2
EC-ERROR-MAP-SWAP,ec-ser,R_cap,Error,false,2
