mutationId,operation,mechanism,instances,evaluatedInstances,divergentInstances,detected,requiredEvidenceComplete,nonScoreableCells,spectrum
HKDF-NULL-VS-EMPTY-SALT,hkdf,request-transform,1,1,0,False,True,1,R_byte=pass;R_interop=n/a;R_ser=n/a;R_val=pass;R_err=absent;R_cap=pass
HKDF-INFO-TAMPER,hkdf,request-transform,1,1,0,False,True,1,R_byte=pass;R_interop=n/a;R_ser=n/a;R_val=pass;R_err=absent;R_cap=pass
HKDF-IKM-NORMALIZATION,hkdf,request-transform,1,1,0,False,True,1,R_byte=pass;R_interop=n/a;R_ser=n/a;R_val=pass;R_err=absent;R_cap=pass
HKDF-HASH-MISMATCH,hkdf,adapter-transform,1,1,0,False,True,3,R_byte=absent;R_interop=n/a;R_ser=n/a;R_val=absent;R_err=absent;R_cap=pass
HKDF-LENGTH-WITHIN-DOMAIN-PERTURBATION,hkdf,request-transform,1,1,0,False,True,1,R_byte=pass;R_interop=n/a;R_ser=n/a;R_val=pass;R_err=absent;R_cap=pass
HKDF-LENGTH-BOUNDARY-CROSSING,hkdf,request-transform,2,2,2,True,True,1,R_byte=absent;R_interop=n/a;R_ser=n/a;R_val=pass;R_err=fail;R_cap=pass
HKDF-UNSUPPORTED-HASH-DECLARATION,hkdf,adapter-transform,1,1,0,False,True,3,R_byte=absent;R_interop=n/a;R_ser=n/a;R_val=absent;R_err=absent;R_cap=pass
GCM-PLAINTEXT-NORMALIZATION,gcm,request-transform,1,1,1,True,True,1,R_byte=pass;R_interop=fail;R_ser=pass;R_val=pass;R_err=absent;R_cap=pass
GCM-AAD-ABSENT-EMPTY-DIVERGENCE,gcm,request-transform,1,1,1,True,True,1,R_byte=pass;R_interop=fail;R_ser=pass;R_val=pass;R_err=absent;R_cap=pass
GCM-AAD-IGNORED,gcm,request-transform,1,1,1,True,True,1,R_byte=pass;R_interop=fail;R_ser=pass;R_val=pass;R_err=absent;R_cap=pass
GCM-IV-INTERPRETATION-DIVERGENCE,gcm,request-transform,1,1,1,True,True,1,R_byte=pass;R_interop=fail;R_ser=pass;R_val=pass;R_err=absent;R_cap=pass
GCM-CIPHERTEXT-COMPUTATION-DIVERGENCE,gcm,request-transform,1,1,1,True,True,1,R_byte=pass;R_interop=fail;R_ser=pass;R_val=pass;R_err=absent;R_cap=pass
GCM-AUTHENTICATION-BYPASS,gcm,artifact-transform,4,4,4,True,True,1,R_byte=absent;R_interop=pass;R_ser=fail;R_val=fail;R_err=fail;R_cap=pass
GCM-ARTIFACT-C-T-SWAP,gcm,artifact-transform,1,1,1,True,True,1,R_byte=absent;R_interop=pass;R_ser=fail;R_val=fail;R_err=fail;R_cap=pass
GCM-ARTIFACT-STRUCTURE-CORRUPTION,gcm,artifact-transform,1,1,1,True,True,1,R_byte=absent;R_interop=pass;R_ser=fail;R_val=pass;R_err=fail;R_cap=pass
GCM-KEY-PROFILE-BOUNDARY-BYPASS,gcm,request-transform,1,1,1,True,True,3,R_byte=absent;R_interop=absent;R_ser=absent;R_val=pass;R_err=fail;R_cap=pass
GCM-IV-PROFILE-BOUNDARY-BYPASS,gcm,request-transform,1,1,1,True,True,3,R_byte=absent;R_interop=absent;R_ser=absent;R_val=pass;R_err=fail;R_cap=pass
GCM-TAGLENGTH-PROFILE-BOUNDARY-BYPASS,gcm,request-transform,3,3,3,True,True,3,R_byte=absent;R_interop=absent;R_ser=absent;R_val=pass;R_err=fail;R_cap=pass
GCM-ERROR-MISCLASSIFICATION,gcm,adapter-transform,1,1,0,False,True,5,R_byte=absent;R_interop=absent;R_ser=absent;R_val=absent;R_err=absent;R_cap=pass
OAEP-MESSAGE-NORMALIZATION,oaep,request-transform,1,1,1,True,True,1,R_byte=n/a;R_interop=fail;R_ser=n/a;R_val=pass;R_err=absent;R_cap=pass
OAEP-CIPHERTEXT-COMPUTATION-DIVERGENCE,oaep,request-transform,1,1,1,True,True,1,R_byte=n/a;R_interop=fail;R_ser=n/a;R_val=pass;R_err=absent;R_cap=pass
OAEP-CIPHERTEXT-LENGTH-DIVERGENCE,oaep,request-transform,1,1,1,True,True,1,R_byte=n/a;R_interop=fail;R_ser=n/a;R_val=pass;R_err=absent;R_cap=pass
OAEP-MODULUS-PROFILE-BYPASS,oaep,request-transform,1,1,1,True,True,1,R_byte=n/a;R_interop=absent;R_ser=n/a;R_val=pass;R_err=fail;R_cap=pass
OAEP-HASH-PROFILE-BYPASS,oaep,request-transform,1,1,1,True,True,1,R_byte=n/a;R_interop=absent;R_ser=n/a;R_val=pass;R_err=fail;R_cap=pass
OAEP-MGF-COUPLING-BYPASS,oaep,request-transform,1,1,1,True,True,1,R_byte=n/a;R_interop=absent;R_ser=n/a;R_val=pass;R_err=fail;R_cap=pass
OAEP-LABEL-PROFILE-BYPASS,oaep,request-transform,1,1,1,True,True,1,R_byte=n/a;R_interop=absent;R_ser=n/a;R_val=pass;R_err=fail;R_cap=pass
OAEP-MESSAGE-BOUNDARY-BYPASS,oaep,request-transform,1,1,1,True,True,1,R_byte=n/a;R_interop=absent;R_ser=n/a;R_val=pass;R_err=fail;R_cap=pass
OAEP-KEY-ROLE-BYPASS,oaep,request-transform,2,2,2,True,True,1,R_byte=n/a;R_interop=absent;R_ser=n/a;R_val=pass;R_err=fail;R_cap=pass
OAEP-RANDOMNESS-INTERFACE-LEAK,oaep,adapter-transform,1,1,0,False,True,3,R_byte=n/a;R_interop=absent;R_ser=n/a;R_val=absent;R_err=absent;R_cap=pass
OAEP-DECRYPT-ERROR-DISCLOSURE,oaep,adapter-transform,1,1,0,False,True,3,R_byte=n/a;R_interop=absent;R_ser=n/a;R_val=absent;R_err=absent;R_cap=pass
PSS-SIGN-MESSAGE-NORMALIZATION,pss,request-transform,1,1,1,True,True,1,R_byte=n/a;R_interop=fail;R_ser=n/a;R_val=pass;R_err=absent;R_cap=pass
PSS-VERIFY-MESSAGE-NORMALIZATION,pss,request-transform,1,1,1,True,True,2,R_byte=n/a;R_interop=absent;R_ser=n/a;R_val=fail;R_err=absent;R_cap=pass
PSS-SIGNATURE-COMPUTATION-DIVERGENCE,pss,request-transform,1,1,1,True,True,1,R_byte=n/a;R_interop=fail;R_ser=n/a;R_val=pass;R_err=absent;R_cap=pass
PSS-SIGNATURE-LENGTH-DIVERGENCE,pss,request-transform,1,1,1,True,True,1,R_byte=n/a;R_interop=fail;R_ser=n/a;R_val=pass;R_err=absent;R_cap=pass
PSS-MODULUS-PROFILE-BYPASS,pss,request-transform,1,1,1,True,True,1,R_byte=n/a;R_interop=absent;R_ser=n/a;R_val=pass;R_err=fail;R_cap=pass
PSS-HASH-PROFILE-BYPASS,pss,request-transform,1,1,1,True,True,1,R_byte=n/a;R_interop=absent;R_ser=n/a;R_val=pass;R_err=fail;R_cap=pass
PSS-MGF-COUPLING-BYPASS,pss,request-transform,1,1,1,True,True,1,R_byte=n/a;R_interop=absent;R_ser=n/a;R_val=pass;R_err=fail;R_cap=pass
PSS-SALTLENGTH-PROFILE-BYPASS,pss,request-transform,1,1,1,True,True,1,R_byte=n/a;R_interop=absent;R_ser=n/a;R_val=pass;R_err=fail;R_cap=pass
PSS-KEY-ROLE-BYPASS,pss,request-transform,1,1,1,True,True,1,R_byte=n/a;R_interop=absent;R_ser=n/a;R_val=pass;R_err=fail;R_cap=pass
PSS-RNG-INTERFACE-LEAK,pss,adapter-transform,1,1,0,False,True,3,R_byte=n/a;R_interop=absent;R_ser=n/a;R_val=absent;R_err=absent;R_cap=pass
PSS-SALT-BYTES-INTERFACE-LEAK,pss,adapter-transform,1,1,0,False,True,3,R_byte=n/a;R_interop=absent;R_ser=n/a;R_val=absent;R_err=absent;R_cap=pass
PSS-VERIFICATION-FALSE-ACCEPT,pss,artifact-transform,1,1,1,True,True,2,R_byte=n/a;R_interop=absent;R_ser=n/a;R_val=fail;R_err=absent;R_cap=pass
PSS-VERIFICATION-FALSE-REJECT,pss,artifact-transform,1,1,1,True,True,2,R_byte=n/a;R_interop=absent;R_ser=n/a;R_val=fail;R_err=absent;R_cap=pass
PSS-ERROR-MISCLASSIFICATION,pss,adapter-transform,1,1,0,False,True,3,R_byte=n/a;R_interop=absent;R_ser=n/a;R_val=absent;R_err=absent;R_cap=pass
RSA-SER-PUBLIC-MATERIAL-DIVERGENCE,rsa-ser,artifact-transform,1,1,1,True,True,1,R_byte=pass;R_interop=fail;R_ser=fail;R_val=pass;R_err=absent;R_cap=pass
RSA-SER-PRIVATE-MATERIAL-DIVERGENCE,rsa-ser,artifact-transform,1,1,1,True,True,1,R_byte=pass;R_interop=fail;R_ser=fail;R_val=pass;R_err=absent;R_cap=pass
RSA-SER-DER-IMPORT-BYPASS,rsa-ser,artifact-transform,1,1,1,True,True,1,R_byte=absent;R_interop=pass;R_ser=fail;R_val=pass;R_err=pass;R_cap=pass
RSA-SER-DER-EXPORT-DIVERGENCE,rsa-ser,artifact-transform,1,1,1,True,True,4,R_byte=absent;R_interop=absent;R_ser=absent;R_val=fail;R_err=absent;R_cap=pass
RSA-SER-CONTAINER-IMPORT-BYPASS,rsa-ser,artifact-transform,1,1,1,True,True,1,R_byte=absent;R_interop=fail;R_ser=fail;R_val=fail;R_err=pass;R_cap=pass
RSA-SER-CONTAINER-EXPORT-DIVERGENCE,rsa-ser,artifact-transform,1,1,1,True,True,1,R_byte=pass;R_interop=fail;R_ser=fail;R_val=pass;R_err=absent;R_cap=pass
RSA-SER-TRAILING-DATA-BYPASS,rsa-ser,artifact-transform,1,1,1,True,True,1,R_byte=absent;R_interop=pass;R_ser=fail;R_val=pass;R_err=pass;R_cap=pass
RSA-SER-ROLE-CONTAINER-BYPASS,rsa-ser,artifact-transform,1,1,1,True,True,1,R_byte=absent;R_interop=fail;R_ser=pass;R_val=pass;R_err=pass;R_cap=pass
RSA-SER-OID-IMPORT-PROFILE-BYPASS,rsa-ser,artifact-transform,1,1,1,True,True,1,R_byte=absent;R_interop=pass;R_ser=fail;R_val=pass;R_err=pass;R_cap=pass
RSA-SER-OID-EXPORT-DIVERGENCE,rsa-ser,artifact-transform,1,1,1,True,True,1,R_byte=pass;R_interop=fail;R_ser=fail;R_val=pass;R_err=absent;R_cap=pass
RSA-SER-PARAMETERS-IMPORT-PROFILE-BYPASS,rsa-ser,artifact-transform,1,1,1,True,True,1,R_byte=absent;R_interop=pass;R_ser=fail;R_val=pass;R_err=pass;R_cap=pass
RSA-SER-PARAMETERS-EXPORT-CANONICALIZATION-DIVERGENCE,rsa-ser,artifact-transform,1,1,1,True,True,1,R_byte=pass;R_interop=fail;R_ser=fail;R_val=pass;R_err=absent;R_cap=pass
RSA-SER-PUBLIC-VALIDITY-BYPASS,rsa-ser,artifact-transform,1,1,1,True,True,4,R_byte=absent;R_interop=absent;R_ser=absent;R_val=fail;R_err=absent;R_cap=pass
RSA-SER-PRIVATE-DOMAIN-BYPASS,rsa-ser,artifact-transform,1,1,1,True,True,4,R_byte=absent;R_interop=absent;R_ser=absent;R_val=fail;R_err=absent;R_cap=pass
RSA-SER-PRIVATE-RELATIONAL-BYPASS,rsa-ser,artifact-transform,5,5,5,True,True,4,R_byte=absent;R_interop=absent;R_ser=absent;R_val=fail;R_err=absent;R_cap=pass
RSA-SER-ERROR-MISCLASSIFICATION,rsa-ser,adapter-transform,1,1,0,False,True,5,R_byte=absent;R_interop=absent;R_ser=absent;R_val=absent;R_err=absent;R_cap=pass
EC-ROLE-CONTAINER-MISMATCH,ec-ser,artifact-transform,1,1,0,False,True,1,R_byte=absent;R_interop=pass;R_ser=pass;R_val=pass;R_err=pass;R_cap=pass
EC-CURVE-SUBSTITUTION,ec-ser,artifact-transform,1,1,1,True,True,1,R_byte=absent;R_interop=pass;R_ser=fail;R_val=pass;R_err=pass;R_cap=pass
EC-PUBLIC-POINT-ENCODING,ec-ser,artifact-transform,1,1,1,True,True,1,R_byte=absent;R_interop=pass;R_ser=fail;R_val=pass;R_err=pass;R_cap=pass
EC-PUBLIC-OFF-CURVE,ec-ser,artifact-transform,1,1,1,True,True,4,R_byte=absent;R_interop=absent;R_ser=absent;R_val=fail;R_err=absent;R_cap=pass
EC-PRIVATE-SCALAR-RANGE,ec-ser,artifact-transform,1,1,1,True,True,4,R_byte=absent;R_interop=absent;R_ser=absent;R_val=fail;R_err=absent;R_cap=pass
EC-PRIVATE-PAIR-MISMATCH,ec-ser,artifact-transform,1,1,1,True,True,4,R_byte=absent;R_interop=absent;R_ser=absent;R_val=fail;R_err=absent;R_cap=pass
EC-PUBLIC-DER-MALFORMED,ec-ser,artifact-transform,1,1,1,True,True,1,R_byte=absent;R_interop=pass;R_ser=fail;R_val=pass;R_err=pass;R_cap=pass
EC-PRIVATE-DER-MALFORMED,ec-ser,artifact-transform,1,1,1,True,True,1,R_byte=absent;R_interop=pass;R_ser=fail;R_val=pass;R_err=pass;R_cap=pass
EC-PRIVATE-PARAMS-ABSENT,ec-ser,artifact-transform,1,1,1,True,True,2,R_byte=absent;R_interop=fail;R_ser=fail;R_val=pass;R_err=absent;R_cap=pass
EC-PRIVATE-PARAMS-MISMATCH,ec-ser,artifact-transform,1,1,1,True,True,1,R_byte=absent;R_interop=fail;R_ser=fail;R_val=pass;R_err=pass;R_cap=pass
EC-PRIVATE-PUBKEY-ABSENT,ec-ser,artifact-transform,1,1,1,True,True,1,R_byte=absent;R_interop=fail;R_ser=fail;R_val=fail;R_err=pass;R_cap=pass
EC-NATIVE-EXPORT-LEAK,ec-ser,adapter-transform,1,1,0,False,True,5,R_byte=absent;R_interop=absent;R_ser=absent;R_val=absent;R_err=absent;R_cap=pass
EC-ERROR-MAP-SWAP,ec-ser,adapter-transform,1,1,0,False,True,5,R_byte=absent;R_interop=absent;R_ser=absent;R_val=absent;R_err=absent;R_cap=pass
