operation,spectrum,classes
ec-ser,R_byte=absent;R_interop=absent;R_ser=absent;R_val=absent;R_err=absent;R_cap=pass,2
ec-ser,R_byte=absent;R_interop=absent;R_ser=absent;R_val=fail;R_err=absent;R_cap=pass,3
ec-ser,R_byte=absent;R_interop=fail;R_ser=fail;R_val=fail;R_err=pass;R_cap=pass,1
ec-ser,R_byte=absent;R_interop=fail;R_ser=fail;R_val=pass;R_err=absent;R_cap=pass,1
ec-ser,R_byte=absent;R_interop=fail;R_ser=fail;R_val=pass;R_err=pass;R_cap=pass,1
ec-ser,R_byte=absent;R_interop=pass;R_ser=fail;R_val=pass;R_err=pass;R_cap=pass,4
ec-ser,R_byte=absent;R_interop=pass;R_ser=pass;R_val=pass;R_err=pass;R_cap=pass,1
gcm,R_byte=absent;R_interop=absent;R_ser=absent;R_val=absent;R_err=absent;R_cap=pass,1
gcm,R_byte=absent;R_interop=absent;R_ser=absent;R_val=pass;R_err=fail;R_cap=pass,3
gcm,R_byte=absent;R_interop=pass;R_ser=fail;R_val=fail;R_err=fail;R_cap=pass,2
gcm,R_byte=absent;R_interop=pass;R_ser=fail;R_val=pass;R_err=fail;R_cap=pass,1
gcm,R_byte=pass;R_interop=fail;R_ser=pass;R_val=pass;R_err=absent;R_cap=pass,5
hkdf,R_byte=absent;R_interop=n/a;R_ser=n/a;R_val=absent;R_err=absent;R_cap=pass,2
hkdf,R_byte=absent;R_interop=n/a;R_ser=n/a;R_val=pass;R_err=fail;R_cap=pass,1
hkdf,R_byte=pass;R_interop=n/a;R_ser=n/a;R_val=pass;R_err=absent;R_cap=pass,4
oaep,R_byte=n/a;R_interop=absent;R_ser=n/a;R_val=absent;R_err=absent;R_cap=pass,2
oaep,R_byte=n/a;R_interop=absent;R_ser=n/a;R_val=pass;R_err=fail;R_cap=pass,6
oaep,R_byte=n/a;R_interop=fail;R_ser=n/a;R_val=pass;R_err=absent;R_cap=pass,3
pss,R_byte=n/a;R_interop=absent;R_ser=n/a;R_val=absent;R_err=absent;R_cap=pass,3
pss,R_byte=n/a;R_interop=absent;R_ser=n/a;R_val=fail;R_err=absent;R_cap=pass,3
pss,R_byte=n/a;R_interop=absent;R_ser=n/a;R_val=pass;R_err=fail;R_cap=pass,5
pss,R_byte=n/a;R_interop=fail;R_ser=n/a;R_val=pass;R_err=absent;R_cap=pass,3
rsa-ser,R_byte=absent;R_interop=absent;R_ser=absent;R_val=absent;R_err=absent;R_cap=pass,1
rsa-ser,R_byte=absent;R_interop=absent;R_ser=absent;R_val=fail;R_err=absent;R_cap=pass,4
rsa-ser,R_byte=absent;R_interop=fail;R_ser=fail;R_val=fail;R_err=pass;R_cap=pass,1
rsa-ser,R_byte=absent;R_interop=fail;R_ser=pass;R_val=pass;R_err=pass;R_cap=pass,1
rsa-ser,R_byte=absent;R_interop=pass;R_ser=fail;R_val=pass;R_err=pass;R_cap=pass,4
rsa-ser,R_byte=pass;R_interop=fail;R_ser=fail;R_val=pass;R_err=absent;R_cap=pass,5
