mutationId,operation,relation,fullBlockSize,ablatedBlockSize,delta,DG
HKDF-NULL-VS-EMPTY-SALT,hkdf,R_byte,4,4,0,0.0
HKDF-NULL-VS-EMPTY-SALT,hkdf,R_interop,4,4,0,0.0
HKDF-NULL-VS-EMPTY-SALT,hkdf,R_ser,4,4,0,0.0
HKDF-NULL-VS-EMPTY-SALT,hkdf,R_val,4,4,0,0.0
HKDF-NULL-VS-EMPTY-SALT,hkdf,R_err,4,4,0,0.0
HKDF-NULL-VS-EMPTY-SALT,hkdf,R_cap,4,4,0,0.0
HKDF-INFO-TAMPER,hkdf,R_byte,4,4,0,0.0
HKDF-INFO-TAMPER,hkdf,R_interop,4,4,0,0.0
HKDF-INFO-TAMPER,hkdf,R_ser,4,4,0,0.0
HKDF-INFO-TAMPER,hkdf,R_val,4,4,0,0.0
HKDF-INFO-TAMPER,hkdf,R_err,4,4,0,0.0
HKDF-INFO-TAMPER,hkdf,R_cap,4,4,0,0.0
HKDF-IKM-NORMALIZATION,hkdf,R_byte,4,4,0,0.0
HKDF-IKM-NORMALIZATION,hkdf,R_interop,4,4,0,0.0
HKDF-IKM-NORMALIZATION,hkdf,R_ser,4,4,0,0.0
HKDF-IKM-NORMALIZATION,hkdf,R_val,4,4,0,0.0
HKDF-IKM-NORMALIZATION,hkdf,R_err,4,4,0,0.0
HKDF-IKM-NORMALIZATION,hkdf,R_cap,4,4,0,0.0
HKDF-HASH-MISMATCH,hkdf,R_byte,2,2,0,0.0
HKDF-HASH-MISMATCH,hkdf,R_interop,2,2,0,0.0
HKDF-HASH-MISMATCH,hkdf,R_ser,2,2,0,0.0
HKDF-HASH-MISMATCH,hkdf,R_val,2,2,0,0.0
HKDF-HASH-MISMATCH,hkdf,R_err,2,2,0,0.0
HKDF-HASH-MISMATCH,hkdf,R_cap,2,2,0,0.0
HKDF-LENGTH-WITHIN-DOMAIN-PERTURBATION,hkdf,R_byte,4,4,0,0.0
HKDF-LENGTH-WITHIN-DOMAIN-PERTURBATION,hkdf,R_interop,4,4,0,0.0
HKDF-LENGTH-WITHIN-DOMAIN-PERTURBATION,hkdf,R_ser,4,4,0,0.0
HKDF-LENGTH-WITHIN-DOMAIN-PERTURBATION,hkdf,R_val,4,4,0,0.0
HKDF-LENGTH-WITHIN-DOMAIN-PERTURBATION,hkdf,R_err,4,4,0,0.0
HKDF-LENGTH-WITHIN-DOMAIN-PERTURBATION,hkdf,R_cap,4,4,0,0.0
HKDF-LENGTH-BOUNDARY-CROSSING,hkdf,R_byte,1,1,0,0.0
HKDF-LENGTH-BOUNDARY-CROSSING,hkdf,R_interop,1,1,0,0.0
HKDF-LENGTH-BOUNDARY-CROSSING,hkdf,R_ser,1,1,0,0.0
HKDF-LENGTH-BOUNDARY-CROSSING,hkdf,R_val,1,1,0,0.0
HKDF-LENGTH-BOUNDARY-CROSSING,hkdf,R_err,1,1,0,0.0
HKDF-LENGTH-BOUNDARY-CROSSING,hkdf,R_cap,1,1,0,0.0
HKDF-UNSUPPORTED-HASH-DECLARATION,hkdf,R_byte,2,2,0,0.0
HKDF-UNSUPPORTED-HASH-DECLARATION,hkdf,R_interop,2,2,0,0.0
HKDF-UNSUPPORTED-HASH-DECLARATION,hkdf,R_ser,2,2,0,0.0
HKDF-UNSUPPORTED-HASH-DECLARATION,hkdf,R_val,2,2,0,0.0
HKDF-UNSUPPORTED-HASH-DECLARATION,hkdf,R_err,2,2,0,0.0
HKDF-UNSUPPORTED-HASH-DECLARATION,hkdf,R_cap,2,2,0,0.0
GCM-PLAINTEXT-NORMALIZATION,gcm,R_byte,5,5,0,0.0
GCM-PLAINTEXT-NORMALIZATION,gcm,R_interop,5,5,0,0.0
GCM-PLAINTEXT-NORMALIZATION,gcm,R_ser,5,5,0,0.0
GCM-PLAINTEXT-NORMALIZATION,gcm,R_val,5,5,0,0.0
GCM-PLAINTEXT-NORMALIZATION,gcm,R_err,5,5,0,0.0
GCM-PLAINTEXT-NORMALIZATION,gcm,R_cap,5,5,0,0.0
GCM-AAD-ABSENT-EMPTY-DIVERGENCE,gcm,R_byte,5,5,0,0.0
GCM-AAD-ABSENT-EMPTY-DIVERGENCE,gcm,R_interop,5,5,0,0.0
GCM-AAD-ABSENT-EMPTY-DIVERGENCE,gcm,R_ser,5,5,0,0.0
GCM-AAD-ABSENT-EMPTY-DIVERGENCE,gcm,R_val,5,5,0,0.0
GCM-AAD-ABSENT-EMPTY-DIVERGENCE,gcm,R_err,5,5,0,0.0
GCM-AAD-ABSENT-EMPTY-DIVERGENCE,gcm,R_cap,5,5,0,0.0
GCM-AAD-IGNORED,gcm,R_byte,5,5,0,0.0
GCM-AAD-IGNORED,gcm,R_interop,5,5,0,0.0
GCM-AAD-IGNORED,gcm,R_ser,5,5,0,0.0
GCM-AAD-IGNORED,gcm,R_val,5,5,0,0.0
GCM-AAD-IGNORED,gcm,R_err,5,5,0,0.0
GCM-AAD-IGNORED,gcm,R_cap,5,5,0,0.0
GCM-IV-INTERPRETATION-DIVERGENCE,gcm,R_byte,5,5,0,0.0
GCM-IV-INTERPRETATION-DIVERGENCE,gcm,R_interop,5,5,0,0.0
GCM-IV-INTERPRETATION-DIVERGENCE,gcm,R_ser,5,5,0,0.0
GCM-IV-INTERPRETATION-DIVERGENCE,gcm,R_val,5,5,0,0.0
GCM-IV-INTERPRETATION-DIVERGENCE,gcm,R_err,5,5,0,0.0
GCM-IV-INTERPRETATION-DIVERGENCE,gcm,R_cap,5,5,0,0.0
GCM-CIPHERTEXT-COMPUTATION-DIVERGENCE,gcm,R_byte,5,5,0,0.0
GCM-CIPHERTEXT-COMPUTATION-DIVERGENCE,gcm,R_interop,5,5,0,0.0
GCM-CIPHERTEXT-COMPUTATION-DIVERGENCE,gcm,R_ser,5,5,0,0.0
GCM-CIPHERTEXT-COMPUTATION-DIVERGENCE,gcm,R_val,5,5,0,0.0
GCM-CIPHERTEXT-COMPUTATION-DIVERGENCE,gcm,R_err,5,5,0,0.0
GCM-CIPHERTEXT-COMPUTATION-DIVERGENCE,gcm,R_cap,5,5,0,0.0
GCM-AUTHENTICATION-BYPASS,gcm,R_byte,2,2,0,0.0
GCM-AUTHENTICATION-BYPASS,gcm,R_interop,2,2,0,0.0
GCM-AUTHENTICATION-BYPASS,gcm,R_ser,2,2,0,0.0
GCM-AUTHENTICATION-BYPASS,gcm,R_val,2,3,1,0.33333333333333337
GCM-AUTHENTICATION-BYPASS,gcm,R_err,2,2,0,0.0
GCM-AUTHENTICATION-BYPASS,gcm,R_cap,2,2,0,0.0
GCM-ARTIFACT-C-T-SWAP,gcm,R_byte,2,2,0,0.0
GCM-ARTIFACT-C-T-SWAP,gcm,R_interop,2,2,0,0.0
GCM-ARTIFACT-C-T-SWAP,gcm,R_ser,2,2,0,0.0
GCM-ARTIFACT-C-T-SWAP,gcm,R_val,2,3,1,0.33333333333333337
GCM-ARTIFACT-C-T-SWAP,gcm,R_err,2,2,0,0.0
GCM-ARTIFACT-C-T-SWAP,gcm,R_cap,2,2,0,0.0
GCM-ARTIFACT-STRUCTURE-CORRUPTION,gcm,R_byte,1,1,0,0.0
GCM-ARTIFACT-STRUCTURE-CORRUPTION,gcm,R_interop,1,1,0,0.0
GCM-ARTIFACT-STRUCTURE-CORRUPTION,gcm,R_ser,1,1,0,0.0
GCM-ARTIFACT-STRUCTURE-CORRUPTION,gcm,R_val,1,3,2,0.6666666666666667
GCM-ARTIFACT-STRUCTURE-CORRUPTION,gcm,R_err,1,1,0,0.0
GCM-ARTIFACT-STRUCTURE-CORRUPTION,gcm,R_cap,1,1,0,0.0
GCM-KEY-PROFILE-BOUNDARY-BYPASS,gcm,R_byte,3,3,0,0.0
GCM-KEY-PROFILE-BOUNDARY-BYPASS,gcm,R_interop,3,3,0,0.0
GCM-KEY-PROFILE-BOUNDARY-BYPASS,gcm,R_ser,3,3,0,0.0
GCM-KEY-PROFILE-BOUNDARY-BYPASS,gcm,R_val,3,3,0,0.0
GCM-KEY-PROFILE-BOUNDARY-BYPASS,gcm,R_err,3,3,0,0.0
GCM-KEY-PROFILE-BOUNDARY-BYPASS,gcm,R_cap,3,3,0,0.0
GCM-IV-PROFILE-BOUNDARY-BYPASS,gcm,R_byte,3,3,0,0.0
GCM-IV-PROFILE-BOUNDARY-BYPASS,gcm,R_interop,3,3,0,0.0
GCM-IV-PROFILE-BOUNDARY-BYPASS,gcm,R_ser,3,3,0,0.0
GCM-IV-PROFILE-BOUNDARY-BYPASS,gcm,R_val,3,3,0,0.0
GCM-IV-PROFILE-BOUNDARY-BYPASS,gcm,R_err,3,3,0,0.0
GCM-IV-PROFILE-BOUNDARY-BYPASS,gcm,R_cap,3,3,0,0.0
GCM-TAGLENGTH-PROFILE-BOUNDARY-BYPASS,gcm,R_byte,3,3,0,0.0
GCM-TAGLENGTH-PROFILE-BOUNDARY-BYPASS,gcm,R_interop,3,3,0,0.0
GCM-TAGLENGTH-PROFILE-BOUNDARY-BYPASS,gcm,R_ser,3,3,0,0.0
GCM-TAGLENGTH-PROFILE-BOUNDARY-BYPASS,gcm,R_val,3,3,0,0.0
GCM-TAGLENGTH-PROFILE-BOUNDARY-BYPASS,gcm,R_err,3,3,0,0.0
GCM-TAGLENGTH-PROFILE-BOUNDARY-BYPASS,gcm,R_cap,3,3,0,0.0
GCM-ERROR-MISCLASSIFICATION,gcm,R_byte,1,1,0,0.0
GCM-ERROR-MISCLASSIFICATION,gcm,R_interop,1,1,0,0.0
GCM-ERROR-MISCLASSIFICATION,gcm,R_ser,1,1,0,0.0
GCM-ERROR-MISCLASSIFICATION,gcm,R_val,1,1,0,0.0
GCM-ERROR-MISCLASSIFICATION,gcm,R_err,1,1,0,0.0
GCM-ERROR-MISCLASSIFICATION,gcm,R_cap,1,1,0,0.0
OAEP-MESSAGE-NORMALIZATION,oaep,R_byte,3,3,0,0.0
OAEP-MESSAGE-NORMALIZATION,oaep,R_interop,3,3,0,0.0
OAEP-MESSAGE-NORMALIZATION,oaep,R_ser,3,3,0,0.0
OAEP-MESSAGE-NORMALIZATION,oaep,R_val,3,3,0,0.0
OAEP-MESSAGE-NORMALIZATION,oaep,R_err,3,3,0,0.0
OAEP-MESSAGE-NORMALIZATION,oaep,R_cap,3,3,0,0.0
OAEP-CIPHERTEXT-COMPUTATION-DIVERGENCE,oaep,R_byte,3,3,0,0.0
OAEP-CIPHERTEXT-COMPUTATION-DIVERGENCE,oaep,R_interop,3,3,0,0.0
OAEP-CIPHERTEXT-COMPUTATION-DIVERGENCE,oaep,R_ser,3,3,0,0.0
OAEP-CIPHERTEXT-COMPUTATION-DIVERGENCE,oaep,R_val,3,3,0,0.0
OAEP-CIPHERTEXT-COMPUTATION-DIVERGENCE,oaep,R_err,3,3,0,0.0
OAEP-CIPHERTEXT-COMPUTATION-DIVERGENCE,oaep,R_cap,3,3,0,0.0
OAEP-CIPHERTEXT-LENGTH-DIVERGENCE,oaep,R_byte,3,3,0,0.0
OAEP-CIPHERTEXT-LENGTH-DIVERGENCE,oaep,R_interop,3,3,0,0.0
OAEP-CIPHERTEXT-LENGTH-DIVERGENCE,oaep,R_ser,3,3,0,0.0
OAEP-CIPHERTEXT-LENGTH-DIVERGENCE,oaep,R_val,3,3,0,0.0
OAEP-CIPHERTEXT-LENGTH-DIVERGENCE,oaep,R_err,3,3,0,0.0
OAEP-CIPHERTEXT-LENGTH-DIVERGENCE,oaep,R_cap,3,3,0,0.0
OAEP-MODULUS-PROFILE-BYPASS,oaep,R_byte,6,6,0,0.0
OAEP-MODULUS-PROFILE-BYPASS,oaep,R_interop,6,6,0,0.0
OAEP-MODULUS-PROFILE-BYPASS,oaep,R_ser,6,6,0,0.0
OAEP-MODULUS-PROFILE-BYPASS,oaep,R_val,6,6,0,0.0
OAEP-MODULUS-PROFILE-BYPASS,oaep,R_err,6,6,0,0.0
OAEP-MODULUS-PROFILE-BYPASS,oaep,R_cap,6,6,0,0.0
OAEP-HASH-PROFILE-BYPASS,oaep,R_byte,6,6,0,0.0
OAEP-HASH-PROFILE-BYPASS,oaep,R_interop,6,6,0,0.0
OAEP-HASH-PROFILE-BYPASS,oaep,R_ser,6,6,0,0.0
OAEP-HASH-PROFILE-BYPASS,oaep,R_val,6,6,0,0.0
OAEP-HASH-PROFILE-BYPASS,oaep,R_err,6,6,0,0.0
OAEP-HASH-PROFILE-BYPASS,oaep,R_cap,6,6,0,0.0
OAEP-MGF-COUPLING-BYPASS,oaep,R_byte,6,6,0,0.0
OAEP-MGF-COUPLING-BYPASS,oaep,R_interop,6,6,0,0.0
OAEP-MGF-COUPLING-BYPASS,oaep,R_ser,6,6,0,0.0
OAEP-MGF-COUPLING-BYPASS,oaep,R_val,6,6,0,0.0
OAEP-MGF-COUPLING-BYPASS,oaep,R_err,6,6,0,0.0
OAEP-MGF-COUPLING-BYPASS,oaep,R_cap,6,6,0,0.0
OAEP-LABEL-PROFILE-BYPASS,oaep,R_byte,6,6,0,0.0
OAEP-LABEL-PROFILE-BYPASS,oaep,R_interop,6,6,0,0.0
OAEP-LABEL-PROFILE-BYPASS,oaep,R_ser,6,6,0,0.0
OAEP-LABEL-PROFILE-BYPASS,oaep,R_val,6,6,0,0.0
OAEP-LABEL-PROFILE-BYPASS,oaep,R_err,6,6,0,0.0
OAEP-LABEL-PROFILE-BYPASS,oaep,R_cap,6,6,0,0.0
OAEP-MESSAGE-BOUNDARY-BYPASS,oaep,R_byte,6,6,0,0.0
OAEP-MESSAGE-BOUNDARY-BYPASS,oaep,R_interop,6,6,0,0.0
OAEP-MESSAGE-BOUNDARY-BYPASS,oaep,R_ser,6,6,0,0.0
OAEP-MESSAGE-BOUNDARY-BYPASS,oaep,R_val,6,6,0,0.0
OAEP-MESSAGE-BOUNDARY-BYPASS,oaep,R_err,6,6,0,0.0
OAEP-MESSAGE-BOUNDARY-BYPASS,oaep,R_cap,6,6,0,0.0
OAEP-KEY-ROLE-BYPASS,oaep,R_byte,6,6,0,0.0
OAEP-KEY-ROLE-BYPASS,oaep,R_interop,6,6,0,0.0
OAEP-KEY-ROLE-BYPASS,oaep,R_ser,6,6,0,0.0
OAEP-KEY-ROLE-BYPASS,oaep,R_val,6,6,0,0.0
OAEP-KEY-ROLE-BYPASS,oaep,R_err,6,6,0,0.0
OAEP-KEY-ROLE-BYPASS,oaep,R_cap,6,6,0,0.0
OAEP-RANDOMNESS-INTERFACE-LEAK,oaep,R_byte,2,2,0,0.0
OAEP-RANDOMNESS-INTERFACE-LEAK,oaep,R_interop,2,2,0,0.0
OAEP-RANDOMNESS-INTERFACE-LEAK,oaep,R_ser,2,2,0,0.0
OAEP-RANDOMNESS-INTERFACE-LEAK,oaep,R_val,2,2,0,0.0
OAEP-RANDOMNESS-INTERFACE-LEAK,oaep,R_err,2,2,0,0.0
OAEP-RANDOMNESS-INTERFACE-LEAK,oaep,R_cap,2,2,0,0.0
OAEP-DECRYPT-ERROR-DISCLOSURE,oaep,R_byte,2,2,0,0.0
OAEP-DECRYPT-ERROR-DISCLOSURE,oaep,R_interop,2,2,0,0.0
OAEP-DECRYPT-ERROR-DISCLOSURE,oaep,R_ser,2,2,0,0.0
OAEP-DECRYPT-ERROR-DISCLOSURE,oaep,R_val,2,2,0,0.0
OAEP-DECRYPT-ERROR-DISCLOSURE,oaep,R_err,2,2,0,0.0
OAEP-DECRYPT-ERROR-DISCLOSURE,oaep,R_cap,2,2,0,0.0
PSS-SIGN-MESSAGE-NORMALIZATION,pss,R_byte,3,3,0,0.0
PSS-SIGN-MESSAGE-NORMALIZATION,pss,R_interop,3,3,0,0.0
PSS-SIGN-MESSAGE-NORMALIZATION,pss,R_ser,3,3,0,0.0
PSS-SIGN-MESSAGE-NORMALIZATION,pss,R_val,3,3,0,0.0
PSS-SIGN-MESSAGE-NORMALIZATION,pss,R_err,3,3,0,0.0
PSS-SIGN-MESSAGE-NORMALIZATION,pss,R_cap,3,3,0,0.0
PSS-VERIFY-MESSAGE-NORMALIZATION,pss,R_byte,3,3,0,0.0
PSS-VERIFY-MESSAGE-NORMALIZATION,pss,R_interop,3,3,0,0.0
PSS-VERIFY-MESSAGE-NORMALIZATION,pss,R_ser,3,3,0,0.0
PSS-VERIFY-MESSAGE-NORMALIZATION,pss,R_val,3,3,0,0.0
PSS-VERIFY-MESSAGE-NORMALIZATION,pss,R_err,3,3,0,0.0
PSS-VERIFY-MESSAGE-NORMALIZATION,pss,R_cap,3,3,0,0.0
PSS-SIGNATURE-COMPUTATION-DIVERGENCE,pss,R_byte,3,3,0,0.0
PSS-SIGNATURE-COMPUTATION-DIVERGENCE,pss,R_interop,3,3,0,0.0
PSS-SIGNATURE-COMPUTATION-DIVERGENCE,pss,R_ser,3,3,0,0.0
PSS-SIGNATURE-COMPUTATION-DIVERGENCE,pss,R_val,3,3,0,0.0
PSS-SIGNATURE-COMPUTATION-DIVERGENCE,pss,R_err,3,3,0,0.0
PSS-SIGNATURE-COMPUTATION-DIVERGENCE,pss,R_cap,3,3,0,0.0
PSS-SIGNATURE-LENGTH-DIVERGENCE,pss,R_byte,3,3,0,0.0
PSS-SIGNATURE-LENGTH-DIVERGENCE,pss,R_interop,3,3,0,0.0
PSS-SIGNATURE-LENGTH-DIVERGENCE,pss,R_ser,3,3,0,0.0
PSS-SIGNATURE-LENGTH-DIVERGENCE,pss,R_val,3,3,0,0.0
PSS-SIGNATURE-LENGTH-DIVERGENCE,pss,R_err,3,3,0,0.0
PSS-SIGNATURE-LENGTH-DIVERGENCE,pss,R_cap,3,3,0,0.0
PSS-MODULUS-PROFILE-BYPASS,pss,R_byte,5,5,0,0.0
PSS-MODULUS-PROFILE-BYPASS,pss,R_interop,5,5,0,0.0
PSS-MODULUS-PROFILE-BYPASS,pss,R_ser,5,5,0,0.0
PSS-MODULUS-PROFILE-BYPASS,pss,R_val,5,5,0,0.0
PSS-MODULUS-PROFILE-BYPASS,pss,R_err,5,5,0,0.0
PSS-MODULUS-PROFILE-BYPASS,pss,R_cap,5,5,0,0.0
PSS-HASH-PROFILE-BYPASS,pss,R_byte,5,5,0,0.0
PSS-HASH-PROFILE-BYPASS,pss,R_interop,5,5,0,0.0
PSS-HASH-PROFILE-BYPASS,pss,R_ser,5,5,0,0.0
PSS-HASH-PROFILE-BYPASS,pss,R_val,5,5,0,0.0
PSS-HASH-PROFILE-BYPASS,pss,R_err,5,5,0,0.0
PSS-HASH-PROFILE-BYPASS,pss,R_cap,5,5,0,0.0
PSS-MGF-COUPLING-BYPASS,pss,R_byte,5,5,0,0.0
PSS-MGF-COUPLING-BYPASS,pss,R_interop,5,5,0,0.0
PSS-MGF-COUPLING-BYPASS,pss,R_ser,5,5,0,0.0
PSS-MGF-COUPLING-BYPASS,pss,R_val,5,5,0,0.0
PSS-MGF-COUPLING-BYPASS,pss,R_err,5,5,0,0.0
PSS-MGF-COUPLING-BYPASS,pss,R_cap,5,5,0,0.0
PSS-SALTLENGTH-PROFILE-BYPASS,pss,R_byte,5,5,0,0.0
PSS-SALTLENGTH-PROFILE-BYPASS,pss,R_interop,5,5,0,0.0
PSS-SALTLENGTH-PROFILE-BYPASS,pss,R_ser,5,5,0,0.0
PSS-SALTLENGTH-PROFILE-BYPASS,pss,R_val,5,5,0,0.0
PSS-SALTLENGTH-PROFILE-BYPASS,pss,R_err,5,5,0,0.0
PSS-SALTLENGTH-PROFILE-BYPASS,pss,R_cap,5,5,0,0.0
PSS-KEY-ROLE-BYPASS,pss,R_byte,5,5,0,0.0
PSS-KEY-ROLE-BYPASS,pss,R_interop,5,5,0,0.0
PSS-KEY-ROLE-BYPASS,pss,R_ser,5,5,0,0.0
PSS-KEY-ROLE-BYPASS,pss,R_val,5,5,0,0.0
PSS-KEY-ROLE-BYPASS,pss,R_err,5,5,0,0.0
PSS-KEY-ROLE-BYPASS,pss,R_cap,5,5,0,0.0
PSS-RNG-INTERFACE-LEAK,pss,R_byte,3,3,0,0.0
PSS-RNG-INTERFACE-LEAK,pss,R_interop,3,3,0,0.0
PSS-RNG-INTERFACE-LEAK,pss,R_ser,3,3,0,0.0
PSS-RNG-INTERFACE-LEAK,pss,R_val,3,3,0,0.0
PSS-RNG-INTERFACE-LEAK,pss,R_err,3,3,0,0.0
PSS-RNG-INTERFACE-LEAK,pss,R_cap,3,3,0,0.0
PSS-SALT-BYTES-INTERFACE-LEAK,pss,R_byte,3,3,0,0.0
PSS-SALT-BYTES-INTERFACE-LEAK,pss,R_interop,3,3,0,0.0
PSS-SALT-BYTES-INTERFACE-LEAK,pss,R_ser,3,3,0,0.0
PSS-SALT-BYTES-INTERFACE-LEAK,pss,R_val,3,3,0,0.0
PSS-SALT-BYTES-INTERFACE-LEAK,pss,R_err,3,3,0,0.0
PSS-SALT-BYTES-INTERFACE-LEAK,pss,R_cap,3,3,0,0.0
PSS-VERIFICATION-FALSE-ACCEPT,pss,R_byte,3,3,0,0.0
PSS-VERIFICATION-FALSE-ACCEPT,pss,R_interop,3,3,0,0.0
PSS-VERIFICATION-FALSE-ACCEPT,pss,R_ser,3,3,0,0.0
PSS-VERIFICATION-FALSE-ACCEPT,pss,R_val,3,3,0,0.0
PSS-VERIFICATION-FALSE-ACCEPT,pss,R_err,3,3,0,0.0
PSS-VERIFICATION-FALSE-ACCEPT,pss,R_cap,3,3,0,0.0
PSS-VERIFICATION-FALSE-REJECT,pss,R_byte,3,3,0,0.0
PSS-VERIFICATION-FALSE-REJECT,pss,R_interop,3,3,0,0.0
PSS-VERIFICATION-FALSE-REJECT,pss,R_ser,3,3,0,0.0
PSS-VERIFICATION-FALSE-REJECT,pss,R_val,3,3,0,0.0
PSS-VERIFICATION-FALSE-REJECT,pss,R_err,3,3,0,0.0
PSS-VERIFICATION-FALSE-REJECT,pss,R_cap,3,3,0,0.0
PSS-ERROR-MISCLASSIFICATION,pss,R_byte,3,3,0,0.0
PSS-ERROR-MISCLASSIFICATION,pss,R_interop,3,3,0,0.0
PSS-ERROR-MISCLASSIFICATION,pss,R_ser,3,3,0,0.0
PSS-ERROR-MISCLASSIFICATION,pss,R_val,3,3,0,0.0
PSS-ERROR-MISCLASSIFICATION,pss,R_err,3,3,0,0.0
PSS-ERROR-MISCLASSIFICATION,pss,R_cap,3,3,0,0.0
RSA-SER-PUBLIC-MATERIAL-DIVERGENCE,rsa-ser,R_byte,5,5,0,0.0
RSA-SER-PUBLIC-MATERIAL-DIVERGENCE,rsa-ser,R_interop,5,5,0,0.0
RSA-SER-PUBLIC-MATERIAL-DIVERGENCE,rsa-ser,R_ser,5,5,0,0.0
RSA-SER-PUBLIC-MATERIAL-DIVERGENCE,rsa-ser,R_val,5,5,0,0.0
RSA-SER-PUBLIC-MATERIAL-DIVERGENCE,rsa-ser,R_err,5,5,0,0.0
RSA-SER-PUBLIC-MATERIAL-DIVERGENCE,rsa-ser,R_cap,5,5,0,0.0
RSA-SER-PRIVATE-MATERIAL-DIVERGENCE,rsa-ser,R_byte,5,5,0,0.0
RSA-SER-PRIVATE-MATERIAL-DIVERGENCE,rsa-ser,R_interop,5,5,0,0.0
RSA-SER-PRIVATE-MATERIAL-DIVERGENCE,rsa-ser,R_ser,5,5,0,0.0
RSA-SER-PRIVATE-MATERIAL-DIVERGENCE,rsa-ser,R_val,5,5,0,0.0
RSA-SER-PRIVATE-MATERIAL-DIVERGENCE,rsa-ser,R_err,5,5,0,0.0
RSA-SER-PRIVATE-MATERIAL-DIVERGENCE,rsa-ser,R_cap,5,5,0,0.0
RSA-SER-DER-IMPORT-BYPASS,rsa-ser,R_byte,4,4,0,0.0
RSA-SER-DER-IMPORT-BYPASS,rsa-ser,R_interop,4,4,0,0.0
RSA-SER-DER-IMPORT-BYPASS,rsa-ser,R_ser,4,4,0,0.0
RSA-SER-DER-IMPORT-BYPASS,rsa-ser,R_val,4,4,0,0.0
RSA-SER-DER-IMPORT-BYPASS,rsa-ser,R_err,4,4,0,0.0
RSA-SER-DER-IMPORT-BYPASS,rsa-ser,R_cap,4,4,0,0.0
RSA-SER-DER-EXPORT-DIVERGENCE,rsa-ser,R_byte,4,4,0,0.0
RSA-SER-DER-EXPORT-DIVERGENCE,rsa-ser,R_interop,4,4,0,0.0
RSA-SER-DER-EXPORT-DIVERGENCE,rsa-ser,R_ser,4,4,0,0.0
RSA-SER-DER-EXPORT-DIVERGENCE,rsa-ser,R_val,4,4,0,0.0
RSA-SER-DER-EXPORT-DIVERGENCE,rsa-ser,R_err,4,4,0,0.0
RSA-SER-DER-EXPORT-DIVERGENCE,rsa-ser,R_cap,4,4,0,0.0
RSA-SER-CONTAINER-IMPORT-BYPASS,rsa-ser,R_byte,1,1,0,0.0
RSA-SER-CONTAINER-IMPORT-BYPASS,rsa-ser,R_interop,1,1,0,0.0
RSA-SER-CONTAINER-IMPORT-BYPASS,rsa-ser,R_ser,1,1,0,0.0
RSA-SER-CONTAINER-IMPORT-BYPASS,rsa-ser,R_val,1,1,0,0.0
RSA-SER-CONTAINER-IMPORT-BYPASS,rsa-ser,R_err,1,1,0,0.0
RSA-SER-CONTAINER-IMPORT-BYPASS,rsa-ser,R_cap,1,1,0,0.0
RSA-SER-CONTAINER-EXPORT-DIVERGENCE,rsa-ser,R_byte,5,5,0,0.0
RSA-SER-CONTAINER-EXPORT-DIVERGENCE,rsa-ser,R_interop,5,5,0,0.0
RSA-SER-CONTAINER-EXPORT-DIVERGENCE,rsa-ser,R_ser,5,5,0,0.0
RSA-SER-CONTAINER-EXPORT-DIVERGENCE,rsa-ser,R_val,5,5,0,0.0
RSA-SER-CONTAINER-EXPORT-DIVERGENCE,rsa-ser,R_err,5,5,0,0.0
RSA-SER-CONTAINER-EXPORT-DIVERGENCE,rsa-ser,R_cap,5,5,0,0.0
RSA-SER-TRAILING-DATA-BYPASS,rsa-ser,R_byte,4,4,0,0.0
RSA-SER-TRAILING-DATA-BYPASS,rsa-ser,R_interop,4,4,0,0.0
RSA-SER-TRAILING-DATA-BYPASS,rsa-ser,R_ser,4,4,0,0.0
RSA-SER-TRAILING-DATA-BYPASS,rsa-ser,R_val,4,4,0,0.0
RSA-SER-TRAILING-DATA-BYPASS,rsa-ser,R_err,4,4,0,0.0
RSA-SER-TRAILING-DATA-BYPASS,rsa-ser,R_cap,4,4,0,0.0
RSA-SER-ROLE-CONTAINER-BYPASS,rsa-ser,R_byte,1,1,0,0.0
RSA-SER-ROLE-CONTAINER-BYPASS,rsa-ser,R_interop,1,1,0,0.0
RSA-SER-ROLE-CONTAINER-BYPASS,rsa-ser,R_ser,1,1,0,0.0
RSA-SER-ROLE-CONTAINER-BYPASS,rsa-ser,R_val,1,1,0,0.0
RSA-SER-ROLE-CONTAINER-BYPASS,rsa-ser,R_err,1,1,0,0.0
RSA-SER-ROLE-CONTAINER-BYPASS,rsa-ser,R_cap,1,1,0,0.0
RSA-SER-OID-IMPORT-PROFILE-BYPASS,rsa-ser,R_byte,4,4,0,0.0
RSA-SER-OID-IMPORT-PROFILE-BYPASS,rsa-ser,R_interop,4,4,0,0.0
RSA-SER-OID-IMPORT-PROFILE-BYPASS,rsa-ser,R_ser,4,4,0,0.0
RSA-SER-OID-IMPORT-PROFILE-BYPASS,rsa-ser,R_val,4,4,0,0.0
RSA-SER-OID-IMPORT-PROFILE-BYPASS,rsa-ser,R_err,4,4,0,0.0
RSA-SER-OID-IMPORT-PROFILE-BYPASS,rsa-ser,R_cap,4,4,0,0.0
RSA-SER-OID-EXPORT-DIVERGENCE,rsa-ser,R_byte,5,5,0,0.0
RSA-SER-OID-EXPORT-DIVERGENCE,rsa-ser,R_interop,5,5,0,0.0
RSA-SER-OID-EXPORT-DIVERGENCE,rsa-ser,R_ser,5,5,0,0.0
RSA-SER-OID-EXPORT-DIVERGENCE,rsa-ser,R_val,5,5,0,0.0
RSA-SER-OID-EXPORT-DIVERGENCE,rsa-ser,R_err,5,5,0,0.0
RSA-SER-OID-EXPORT-DIVERGENCE,rsa-ser,R_cap,5,5,0,0.0
RSA-SER-PARAMETERS-IMPORT-PROFILE-BYPASS,rsa-ser,R_byte,4,4,0,0.0
RSA-SER-PARAMETERS-IMPORT-PROFILE-BYPASS,rsa-ser,R_interop,4,4,0,0.0
RSA-SER-PARAMETERS-IMPORT-PROFILE-BYPASS,rsa-ser,R_ser,4,4,0,0.0
RSA-SER-PARAMETERS-IMPORT-PROFILE-BYPASS,rsa-ser,R_val,4,4,0,0.0
RSA-SER-PARAMETERS-IMPORT-PROFILE-BYPASS,rsa-ser,R_err,4,4,0,0.0
RSA-SER-PARAMETERS-IMPORT-PROFILE-BYPASS,rsa-ser,R_cap,4,4,0,0.0
RSA-SER-PARAMETERS-EXPORT-CANONICALIZATION-DIVERGENCE,rsa-ser,R_byte,5,5,0,0.0
RSA-SER-PARAMETERS-EXPORT-CANONICALIZATION-DIVERGENCE,rsa-ser,R_interop,5,5,0,0.0
RSA-SER-PARAMETERS-EXPORT-CANONICALIZATION-DIVERGENCE,rsa-ser,R_ser,5,5,0,0.0
RSA-SER-PARAMETERS-EXPORT-CANONICALIZATION-DIVERGENCE,rsa-ser,R_val,5,5,0,0.0
RSA-SER-PARAMETERS-EXPORT-CANONICALIZATION-DIVERGENCE,rsa-ser,R_err,5,5,0,0.0
RSA-SER-PARAMETERS-EXPORT-CANONICALIZATION-DIVERGENCE,rsa-ser,R_cap,5,5,0,0.0
RSA-SER-PUBLIC-VALIDITY-BYPASS,rsa-ser,R_byte,4,4,0,0.0
RSA-SER-PUBLIC-VALIDITY-BYPASS,rsa-ser,R_interop,4,4,0,0.0
RSA-SER-PUBLIC-VALIDITY-BYPASS,rsa-ser,R_ser,4,4,0,0.0
RSA-SER-PUBLIC-VALIDITY-BYPASS,rsa-ser,R_val,4,4,0,0.0
RSA-SER-PUBLIC-VALIDITY-BYPASS,rsa-ser,R_err,4,4,0,0.0
RSA-SER-PUBLIC-VALIDITY-BYPASS,rsa-ser,R_cap,4,4,0,0.0
RSA-SER-PRIVATE-DOMAIN-BYPASS,rsa-ser,R_byte,4,4,0,0.0
RSA-SER-PRIVATE-DOMAIN-BYPASS,rsa-ser,R_interop,4,4,0,0.0
RSA-SER-PRIVATE-DOMAIN-BYPASS,rsa-ser,R_ser,4,4,0,0.0
RSA-SER-PRIVATE-DOMAIN-BYPASS,rsa-ser,R_val,4,4,0,0.0
RSA-SER-PRIVATE-DOMAIN-BYPASS,rsa-ser,R_err,4,4,0,0.0
RSA-SER-PRIVATE-DOMAIN-BYPASS,rsa-ser,R_cap,4,4,0,0.0
RSA-SER-PRIVATE-RELATIONAL-BYPASS,rsa-ser,R_byte,4,4,0,0.0
RSA-SER-PRIVATE-RELATIONAL-BYPASS,rsa-ser,R_interop,4,4,0,0.0
RSA-SER-PRIVATE-RELATIONAL-BYPASS,rsa-ser,R_ser,4,4,0,0.0
RSA-SER-PRIVATE-RELATIONAL-BYPASS,rsa-ser,R_val,4,4,0,0.0
RSA-SER-PRIVATE-RELATIONAL-BYPASS,rsa-ser,R_err,4,4,0,0.0
RSA-SER-PRIVATE-RELATIONAL-BYPASS,rsa-ser,R_cap,4,4,0,0.0
RSA-SER-ERROR-MISCLASSIFICATION,rsa-ser,R_byte,1,1,0,0.0
RSA-SER-ERROR-MISCLASSIFICATION,rsa-ser,R_interop,1,1,0,0.0
RSA-SER-ERROR-MISCLASSIFICATION,rsa-ser,R_ser,1,1,0,0.0
RSA-SER-ERROR-MISCLASSIFICATION,rsa-ser,R_val,1,1,0,0.0
RSA-SER-ERROR-MISCLASSIFICATION,rsa-ser,R_err,1,1,0,0.0
RSA-SER-ERROR-MISCLASSIFICATION,rsa-ser,R_cap,1,1,0,0.0
EC-ROLE-CONTAINER-MISMATCH,ec-ser,R_byte,1,1,0,0.0
EC-ROLE-CONTAINER-MISMATCH,ec-ser,R_interop,1,1,0,0.0
EC-ROLE-CONTAINER-MISMATCH,ec-ser,R_ser,1,5,4,0.8
EC-ROLE-CONTAINER-MISMATCH,ec-ser,R_val,1,1,0,0.0
EC-ROLE-CONTAINER-MISMATCH,ec-ser,R_err,1,1,0,0.0
EC-ROLE-CONTAINER-MISMATCH,ec-ser,R_cap,1,1,0,0.0
EC-CURVE-SUBSTITUTION,ec-ser,R_byte,4,4,0,0.0
EC-CURVE-SUBSTITUTION,ec-ser,R_interop,4,5,1,0.19999999999999996
EC-CURVE-SUBSTITUTION,ec-ser,R_ser,4,5,1,0.19999999999999996
EC-CURVE-SUBSTITUTION,ec-ser,R_val,4,4,0,0.0
EC-CURVE-SUBSTITUTION,ec-ser,R_err,4,4,0,0.0
EC-CURVE-SUBSTITUTION,ec-ser,R_cap,4,4,0,0.0
EC-PUBLIC-POINT-ENCODING,ec-ser,R_byte,4,4,0,0.0
EC-PUBLIC-POINT-ENCODING,ec-ser,R_interop,4,5,1,0.19999999999999996
EC-PUBLIC-POINT-ENCODING,ec-ser,R_ser,4,5,1,0.19999999999999996
EC-PUBLIC-POINT-ENCODING,ec-ser,R_val,4,4,0,0.0
EC-PUBLIC-POINT-ENCODING,ec-ser,R_err,4,4,0,0.0
EC-PUBLIC-POINT-ENCODING,ec-ser,R_cap,4,4,0,0.0
EC-PUBLIC-OFF-CURVE,ec-ser,R_byte,3,3,0,0.0
EC-PUBLIC-OFF-CURVE,ec-ser,R_interop,3,3,0,0.0
EC-PUBLIC-OFF-CURVE,ec-ser,R_ser,3,3,0,0.0
EC-PUBLIC-OFF-CURVE,ec-ser,R_val,3,3,0,0.0
EC-PUBLIC-OFF-CURVE,ec-ser,R_err,3,3,0,0.0
EC-PUBLIC-OFF-CURVE,ec-ser,R_cap,3,3,0,0.0
EC-PRIVATE-SCALAR-RANGE,ec-ser,R_byte,3,3,0,0.0
EC-PRIVATE-SCALAR-RANGE,ec-ser,R_interop,3,3,0,0.0
EC-PRIVATE-SCALAR-RANGE,ec-ser,R_ser,3,3,0,0.0
EC-PRIVATE-SCALAR-RANGE,ec-ser,R_val,3,3,0,0.0
EC-PRIVATE-SCALAR-RANGE,ec-ser,R_err,3,3,0,0.0
EC-PRIVATE-SCALAR-RANGE,ec-ser,R_cap,3,3,0,0.0
EC-PRIVATE-PAIR-MISMATCH,ec-ser,R_byte,3,3,0,0.0
EC-PRIVATE-PAIR-MISMATCH,ec-ser,R_interop,3,3,0,0.0
EC-PRIVATE-PAIR-MISMATCH,ec-ser,R_ser,3,3,0,0.0
EC-PRIVATE-PAIR-MISMATCH,ec-ser,R_val,3,3,0,0.0
EC-PRIVATE-PAIR-MISMATCH,ec-ser,R_err,3,3,0,0.0
EC-PRIVATE-PAIR-MISMATCH,ec-ser,R_cap,3,3,0,0.0
EC-PUBLIC-DER-MALFORMED,ec-ser,R_byte,4,4,0,0.0
EC-PUBLIC-DER-MALFORMED,ec-ser,R_interop,4,5,1,0.19999999999999996
EC-PUBLIC-DER-MALFORMED,ec-ser,R_ser,4,5,1,0.19999999999999996
EC-PUBLIC-DER-MALFORMED,ec-ser,R_val,4,4,0,0.0
EC-PUBLIC-DER-MALFORMED,ec-ser,R_err,4,4,0,0.0
EC-PUBLIC-DER-MALFORMED,ec-ser,R_cap,4,4,0,0.0
EC-PRIVATE-DER-MALFORMED,ec-ser,R_byte,4,4,0,0.0
EC-PRIVATE-DER-MALFORMED,ec-ser,R_interop,4,5,1,0.19999999999999996
EC-PRIVATE-DER-MALFORMED,ec-ser,R_ser,4,5,1,0.19999999999999996
EC-PRIVATE-DER-MALFORMED,ec-ser,R_val,4,4,0,0.0
EC-PRIVATE-DER-MALFORMED,ec-ser,R_err,4,4,0,0.0
EC-PRIVATE-DER-MALFORMED,ec-ser,R_cap,4,4,0,0.0
EC-PRIVATE-PARAMS-ABSENT,ec-ser,R_byte,1,1,0,0.0
EC-PRIVATE-PARAMS-ABSENT,ec-ser,R_interop,1,1,0,0.0
EC-PRIVATE-PARAMS-ABSENT,ec-ser,R_ser,1,1,0,0.0
EC-PRIVATE-PARAMS-ABSENT,ec-ser,R_val,1,1,0,0.0
EC-PRIVATE-PARAMS-ABSENT,ec-ser,R_err,1,1,0,0.0
EC-PRIVATE-PARAMS-ABSENT,ec-ser,R_cap,1,1,0,0.0
EC-PRIVATE-PARAMS-MISMATCH,ec-ser,R_byte,1,1,0,0.0
EC-PRIVATE-PARAMS-MISMATCH,ec-ser,R_interop,1,5,4,0.8
EC-PRIVATE-PARAMS-MISMATCH,ec-ser,R_ser,1,1,0,0.0
EC-PRIVATE-PARAMS-MISMATCH,ec-ser,R_val,1,2,1,0.5
EC-PRIVATE-PARAMS-MISMATCH,ec-ser,R_err,1,1,0,0.0
EC-PRIVATE-PARAMS-MISMATCH,ec-ser,R_cap,1,1,0,0.0
EC-PRIVATE-PUBKEY-ABSENT,ec-ser,R_byte,1,1,0,0.0
EC-PRIVATE-PUBKEY-ABSENT,ec-ser,R_interop,1,1,0,0.0
EC-PRIVATE-PUBKEY-ABSENT,ec-ser,R_ser,1,1,0,0.0
EC-PRIVATE-PUBKEY-ABSENT,ec-ser,R_val,1,2,1,0.5
EC-PRIVATE-PUBKEY-ABSENT,ec-ser,R_err,1,1,0,0.0
EC-PRIVATE-PUBKEY-ABSENT,ec-ser,R_cap,1,1,0,0.0
EC-NATIVE-EXPORT-LEAK,ec-ser,R_byte,2,2,0,0.0
EC-NATIVE-EXPORT-LEAK,ec-ser,R_interop,2,2,0,0.0
EC-NATIVE-EXPORT-LEAK,ec-ser,R_ser,2,2,0,0.0
EC-NATIVE-EXPORT-LEAK,ec-ser,R_val,2,2,0,0.0
EC-NATIVE-EXPORT-LEAK,ec-ser,R_err,2,2,0,0.0
EC-NATIVE-EXPORT-LEAK,ec-ser,R_cap,2,2,0,0.0
EC-ERROR-MAP-SWAP,ec-ser,R_byte,2,2,0,0.0
EC-ERROR-MAP-SWAP,ec-ser,R_interop,2,2,0,0.0
EC-ERROR-MAP-SWAP,ec-ser,R_ser,2,2,0,0.0
EC-ERROR-MAP-SWAP,ec-ser,R_val,2,2,0,0.0
EC-ERROR-MAP-SWAP,ec-ser,R_err,2,2,0,0.0
EC-ERROR-MAP-SWAP,ec-ser,R_cap,2,2,0,0.0
