mutationId,operation,state,same,different,undetermined
HKDF-LENGTH-BOUNDARY-CROSSING,hkdf,demonstrated-reproduced,11,24,21
GCM-PLAINTEXT-NORMALIZATION,gcm,undetermined-exclusive,0,27,19
GCM-AAD-ABSENT-EMPTY-DIVERGENCE,gcm,undetermined-exclusive,0,27,19
GCM-AAD-IGNORED,gcm,undetermined-exclusive,0,27,19
GCM-IV-INTERPRETATION-DIVERGENCE,gcm,undetermined-exclusive,0,27,19
GCM-CIPHERTEXT-COMPUTATION-DIVERGENCE,gcm,undetermined-exclusive,0,27,19
GCM-AUTHENTICATION-BYPASS,gcm,undetermined-exclusive,0,36,10
GCM-ARTIFACT-C-T-SWAP,gcm,undetermined-exclusive,0,36,10
GCM-ARTIFACT-STRUCTURE-CORRUPTION,gcm,undetermined-exclusive,0,34,12
GCM-KEY-PROFILE-BOUNDARY-BYPASS,gcm,undetermined-exclusive,0,22,24
GCM-IV-PROFILE-BOUNDARY-BYPASS,gcm,undetermined-exclusive,0,22,24
GCM-TAGLENGTH-PROFILE-BOUNDARY-BYPASS,gcm,undetermined-exclusive,0,22,24
OAEP-MESSAGE-NORMALIZATION,oaep,undetermined-exclusive,0,23,25
OAEP-CIPHERTEXT-COMPUTATION-DIVERGENCE,oaep,undetermined-exclusive,0,23,25
OAEP-CIPHERTEXT-LENGTH-DIVERGENCE,oaep,undetermined-exclusive,0,23,25
OAEP-MODULUS-PROFILE-BYPASS,oaep,demonstrated-reproduced,1,24,23
OAEP-HASH-PROFILE-BYPASS,oaep,demonstrated-reproduced,1,24,23
OAEP-MGF-COUPLING-BYPASS,oaep,demonstrated-reproduced,1,24,23
OAEP-LABEL-PROFILE-BYPASS,oaep,demonstrated-reproduced,1,24,23
OAEP-MESSAGE-BOUNDARY-BYPASS,oaep,demonstrated-reproduced,1,24,23
OAEP-KEY-ROLE-BYPASS,oaep,demonstrated-reproduced,1,24,23
PSS-SIGN-MESSAGE-NORMALIZATION,pss,undetermined-exclusive,0,20,26
PSS-VERIFY-MESSAGE-NORMALIZATION,pss,undetermined-exclusive,0,35,11
PSS-SIGNATURE-COMPUTATION-DIVERGENCE,pss,undetermined-exclusive,0,20,26
PSS-SIGNATURE-LENGTH-DIVERGENCE,pss,undetermined-exclusive,0,20,26
PSS-MODULUS-PROFILE-BYPASS,pss,demonstrated-reproduced,1,21,24
PSS-HASH-PROFILE-BYPASS,pss,demonstrated-reproduced,1,21,24
PSS-MGF-COUPLING-BYPASS,pss,demonstrated-reproduced,1,21,24
PSS-SALTLENGTH-PROFILE-BYPASS,pss,demonstrated-reproduced,1,21,24
PSS-KEY-ROLE-BYPASS,pss,demonstrated-reproduced,1,21,24
PSS-VERIFICATION-FALSE-ACCEPT,pss,undetermined-exclusive,0,35,11
PSS-VERIFICATION-FALSE-REJECT,pss,undetermined-exclusive,0,35,11
RSA-SER-PUBLIC-MATERIAL-DIVERGENCE,rsa-ser,undetermined-exclusive,0,19,23
RSA-SER-PRIVATE-MATERIAL-DIVERGENCE,rsa-ser,undetermined-exclusive,0,19,23
RSA-SER-DER-IMPORT-BYPASS,rsa-ser,undetermined-exclusive,0,38,4
RSA-SER-DER-EXPORT-DIVERGENCE,rsa-ser,undetermined-exclusive,0,33,9
RSA-SER-CONTAINER-IMPORT-BYPASS,rsa-ser,undetermined-exclusive,0,35,7
RSA-SER-CONTAINER-EXPORT-DIVERGENCE,rsa-ser,undetermined-exclusive,0,19,23
RSA-SER-TRAILING-DATA-BYPASS,rsa-ser,undetermined-exclusive,0,38,4
RSA-SER-ROLE-CONTAINER-BYPASS,rsa-ser,undetermined-exclusive,0,31,11
RSA-SER-OID-IMPORT-PROFILE-BYPASS,rsa-ser,undetermined-exclusive,0,38,4
RSA-SER-OID-EXPORT-DIVERGENCE,rsa-ser,undetermined-exclusive,0,19,23
RSA-SER-PARAMETERS-IMPORT-PROFILE-BYPASS,rsa-ser,undetermined-exclusive,0,38,4
RSA-SER-PARAMETERS-EXPORT-CANONICALIZATION-DIVERGENCE,rsa-ser,undetermined-exclusive,0,19,23
RSA-SER-PUBLIC-VALIDITY-BYPASS,rsa-ser,undetermined-exclusive,0,33,9
RSA-SER-PRIVATE-DOMAIN-BYPASS,rsa-ser,undetermined-exclusive,0,33,9
RSA-SER-PRIVATE-RELATIONAL-BYPASS,rsa-ser,undetermined-exclusive,0,33,9
EC-CURVE-SUBSTITUTION,ec-ser,undetermined-exclusive,0,43,4
EC-PUBLIC-POINT-ENCODING,ec-ser,undetermined-exclusive,0,43,4
EC-PUBLIC-OFF-CURVE,ec-ser,undetermined-exclusive,0,37,10
EC-PRIVATE-SCALAR-RANGE,ec-ser,undetermined-exclusive,0,37,10
EC-PRIVATE-PAIR-MISMATCH,ec-ser,undetermined-exclusive,0,37,10
EC-PUBLIC-DER-MALFORMED,ec-ser,undetermined-exclusive,0,43,4
EC-PRIVATE-DER-MALFORMED,ec-ser,undetermined-exclusive,0,43,4
EC-PRIVATE-PARAMS-ABSENT,ec-ser,undetermined-exclusive,0,21,26
EC-PRIVATE-PARAMS-MISMATCH,ec-ser,undetermined-exclusive,0,36,11
EC-PRIVATE-PUBKEY-ABSENT,ec-ser,undetermined-exclusive,0,39,8
