operation,signaturePair,state
hkdf,Capability+Error+Parameter.AlgorithmChoice+Validation.Semantic || Error+Parameter.Length+Validation.Semantic,exclusive
hkdf,Capability+Error+Parameter.AlgorithmChoice+Validation.Semantic || Input+Output,exclusive
hkdf,Capability+Error+Parameter.AlgorithmChoice+Validation.Semantic || Output+Parameter.Length,exclusive
hkdf,Capability+Output+Parameter.AlgorithmChoice || Error+Parameter.Length+Validation.Semantic,exclusive
hkdf,Capability+Output+Parameter.AlgorithmChoice || Input+Output,exclusive
hkdf,Capability+Output+Parameter.AlgorithmChoice || Output+Parameter.Length,exclusive
hkdf,Error+Parameter.Length+Validation.Semantic || Input+Output,exclusive
hkdf,Error+Parameter.Length+Validation.Semantic || Output+Parameter.Length,exclusive
gcm,Authentication.AEADTag+Input || Authentication.AEADTag+Validation.Semantic,exclusive
gcm,Authentication.AEADTag+Input || Capability+Key+Validation.Semantic,exclusive
gcm,Authentication.AEADTag+Input || Capability+Parameter.ExternalRandomnessControl+Validation.Semantic,exclusive
gcm,Authentication.AEADTag+Input || Capability+Parameter.Length+Validation.Semantic,exclusive
gcm,Authentication.AEADTag+Input || Encoding.AEADArtifact,exclusive
gcm,Authentication.AEADTag+Input || Encoding.AEADArtifact+Validation.Semantic,exclusive
gcm,Authentication.AEADTag+Input || Error,exclusive
gcm,Authentication.AEADTag+Validation.Semantic || Capability+Key+Validation.Semantic,exclusive
gcm,Authentication.AEADTag+Validation.Semantic || Capability+Parameter.ExternalRandomnessControl+Validation.Semantic,exclusive
gcm,Authentication.AEADTag+Validation.Semantic || Capability+Parameter.Length+Validation.Semantic,exclusive
gcm,Authentication.AEADTag+Validation.Semantic || Encoding.AEADArtifact+Validation.Semantic,exclusive
gcm,Authentication.AEADTag+Validation.Semantic || Error,exclusive
gcm,Authentication.AEADTag+Validation.Semantic || Input,exclusive
gcm,Authentication.AEADTag+Validation.Semantic || Input+Output,exclusive
gcm,Authentication.AEADTag+Validation.Semantic || Output,exclusive
gcm,Authentication.AEADTag+Validation.Semantic || Output+Parameter.ExternalRandomnessControl,exclusive
gcm,Capability+Key+Validation.Semantic || Encoding.AEADArtifact,exclusive
gcm,Capability+Key+Validation.Semantic || Encoding.AEADArtifact+Validation.Semantic,exclusive
gcm,Capability+Key+Validation.Semantic || Error,exclusive
gcm,Capability+Key+Validation.Semantic || Input,exclusive
gcm,Capability+Key+Validation.Semantic || Input+Output,exclusive
gcm,Capability+Key+Validation.Semantic || Output,exclusive
gcm,Capability+Key+Validation.Semantic || Output+Parameter.ExternalRandomnessControl,exclusive
gcm,Capability+Parameter.ExternalRandomnessControl+Validation.Semantic || Encoding.AEADArtifact,exclusive
gcm,Capability+Parameter.ExternalRandomnessControl+Validation.Semantic || Encoding.AEADArtifact+Validation.Semantic,exclusive
gcm,Capability+Parameter.ExternalRandomnessControl+Validation.Semantic || Error,exclusive
gcm,Capability+Parameter.ExternalRandomnessControl+Validation.Semantic || Input,exclusive
gcm,Capability+Parameter.ExternalRandomnessControl+Validation.Semantic || Input+Output,exclusive
gcm,Capability+Parameter.ExternalRandomnessControl+Validation.Semantic || Output,exclusive
gcm,Capability+Parameter.ExternalRandomnessControl+Validation.Semantic || Output+Parameter.ExternalRandomnessControl,exclusive
gcm,Capability+Parameter.Length+Validation.Semantic || Encoding.AEADArtifact,exclusive
gcm,Capability+Parameter.Length+Validation.Semantic || Encoding.AEADArtifact+Validation.Semantic,exclusive
gcm,Capability+Parameter.Length+Validation.Semantic || Error,reproduced
gcm,Capability+Parameter.Length+Validation.Semantic || Input,exclusive
gcm,Capability+Parameter.Length+Validation.Semantic || Input+Output,reproduced
gcm,Capability+Parameter.Length+Validation.Semantic || Output,reproduced
gcm,Capability+Parameter.Length+Validation.Semantic || Output+Parameter.ExternalRandomnessControl,exclusive
gcm,Encoding.AEADArtifact || Encoding.AEADArtifact+Validation.Semantic,exclusive
gcm,Encoding.AEADArtifact || Error,exclusive
gcm,Encoding.AEADArtifact || Input,exclusive
gcm,Encoding.AEADArtifact || Input+Output,exclusive
gcm,Encoding.AEADArtifact || Output,exclusive
gcm,Encoding.AEADArtifact || Output+Parameter.ExternalRandomnessControl,exclusive
gcm,Encoding.AEADArtifact+Validation.Semantic || Error,exclusive
gcm,Encoding.AEADArtifact+Validation.Semantic || Input,exclusive
gcm,Encoding.AEADArtifact+Validation.Semantic || Input+Output,exclusive
gcm,Encoding.AEADArtifact+Validation.Semantic || Output,exclusive
gcm,Encoding.AEADArtifact+Validation.Semantic || Output+Parameter.ExternalRandomnessControl,exclusive
gcm,Error || Input,exclusive
gcm,Error || Input+Output,reproduced
gcm,Error || Output,reproduced
gcm,Error || Output+Parameter.ExternalRandomnessControl,exclusive
oaep,Capability+Input+Validation.Semantic || Capability+Parameter.ExternalRandomnessControl,exclusive
oaep,Capability+Input+Validation.Semantic || Error,exclusive
oaep,Capability+Input+Validation.Semantic || Input+Output,exclusive
oaep,Capability+Input+Validation.Semantic || Output,exclusive
oaep,Capability+Parameter.AlgorithmChoice+Validation.Semantic || Capability+Parameter.ExternalRandomnessControl,reproduced
oaep,Capability+Parameter.AlgorithmChoice+Validation.Semantic || Error,reproduced
oaep,Capability+Parameter.AlgorithmChoice+Validation.Semantic || Input+Output,reproduced
oaep,Capability+Parameter.AlgorithmChoice+Validation.Semantic || Output,reproduced
oaep,Capability+Parameter.DomainParameter+Validation.Semantic || Capability+Parameter.ExternalRandomnessControl,reproduced
oaep,Capability+Parameter.DomainParameter+Validation.Semantic || Error,reproduced
oaep,Capability+Parameter.DomainParameter+Validation.Semantic || Input+Output,reproduced
oaep,Capability+Parameter.DomainParameter+Validation.Semantic || Output,reproduced
oaep,Capability+Parameter.ExternalRandomnessControl || Capability+Parameter.Length+Validation.Semantic,reproduced
oaep,Capability+Parameter.ExternalRandomnessControl || Input+Output,reproduced
oaep,Capability+Parameter.ExternalRandomnessControl || Input+Validation.Semantic,exclusive
oaep,Capability+Parameter.ExternalRandomnessControl || Key+Validation.Semantic,reproduced
oaep,Capability+Parameter.ExternalRandomnessControl || Output,reproduced
oaep,Capability+Parameter.Length+Validation.Semantic || Error,reproduced
oaep,Capability+Parameter.Length+Validation.Semantic || Input+Output,reproduced
oaep,Capability+Parameter.Length+Validation.Semantic || Output,reproduced
oaep,Error || Input+Output,reproduced
oaep,Error || Input+Validation.Semantic,exclusive
oaep,Error || Key+Validation.Semantic,reproduced
oaep,Error || Output,reproduced
oaep,Input+Output || Input+Validation.Semantic,exclusive
oaep,Input+Output || Key+Validation.Semantic,reproduced
oaep,Input+Validation.Semantic || Output,exclusive
oaep,Key+Validation.Semantic || Output,reproduced
pss,Authentication.SignatureVerification || Capability+Parameter.AlgorithmChoice+Validation.Semantic,exclusive
pss,Authentication.SignatureVerification || Capability+Parameter.DomainParameter+Validation.Semantic,exclusive
pss,Authentication.SignatureVerification || Capability+Parameter.ExternalRandomnessControl,exclusive
pss,Authentication.SignatureVerification || Capability+Parameter.Length+Validation.Semantic,exclusive
pss,Authentication.SignatureVerification || Error,exclusive
pss,Authentication.SignatureVerification || Input+Output,exclusive
pss,Authentication.SignatureVerification || Key+Validation.Semantic,exclusive
pss,Authentication.SignatureVerification || Output,exclusive
pss,Authentication.SignatureVerification+Input || Capability+Parameter.AlgorithmChoice+Validation.Semantic,exclusive
pss,Authentication.SignatureVerification+Input || Capability+Parameter.DomainParameter+Validation.Semantic,exclusive
pss,Authentication.SignatureVerification+Input || Capability+Parameter.ExternalRandomnessControl,exclusive
pss,Authentication.SignatureVerification+Input || Capability+Parameter.Length+Validation.Semantic,exclusive
pss,Authentication.SignatureVerification+Input || Error,exclusive
pss,Authentication.SignatureVerification+Input || Input+Output,exclusive
pss,Authentication.SignatureVerification+Input || Key+Validation.Semantic,exclusive
pss,Authentication.SignatureVerification+Input || Output,exclusive
pss,Capability+Parameter.AlgorithmChoice+Validation.Semantic || Capability+Parameter.ExternalRandomnessControl,reproduced
pss,Capability+Parameter.AlgorithmChoice+Validation.Semantic || Error,reproduced
pss,Capability+Parameter.AlgorithmChoice+Validation.Semantic || Input+Output,reproduced
pss,Capability+Parameter.AlgorithmChoice+Validation.Semantic || Output,reproduced
pss,Capability+Parameter.DomainParameter+Validation.Semantic || Capability+Parameter.ExternalRandomnessControl,reproduced
pss,Capability+Parameter.DomainParameter+Validation.Semantic || Error,reproduced
pss,Capability+Parameter.DomainParameter+Validation.Semantic || Input+Output,reproduced
pss,Capability+Parameter.DomainParameter+Validation.Semantic || Output,reproduced
pss,Capability+Parameter.ExternalRandomnessControl || Capability+Parameter.Length+Validation.Semantic,reproduced
pss,Capability+Parameter.ExternalRandomnessControl || Input+Output,reproduced
pss,Capability+Parameter.ExternalRandomnessControl || Key+Validation.Semantic,reproduced
pss,Capability+Parameter.ExternalRandomnessControl || Output,reproduced
pss,Capability+Parameter.Length+Validation.Semantic || Error,reproduced
pss,Capability+Parameter.Length+Validation.Semantic || Input+Output,reproduced
pss,Capability+Parameter.Length+Validation.Semantic || Output,reproduced
pss,Error || Input+Output,reproduced
pss,Error || Key+Validation.Semantic,reproduced
pss,Error || Output,reproduced
pss,Input+Output || Key+Validation.Semantic,reproduced
pss,Key+Validation.Semantic || Output,reproduced
rsa-ser,Encoding.ASN1 || Error,exclusive
rsa-ser,Encoding.ASN1 || Key,exclusive
rsa-ser,Encoding.ASN1 || Parameter.AlgorithmChoice,exclusive
rsa-ser,Encoding.ASN1 || Validation.Semantic,exclusive
rsa-ser,Encoding.ASN1 || Validation.Syntactic,exclusive
rsa-ser,Error || Key,exclusive
rsa-ser,Error || Parameter.AlgorithmChoice,exclusive
rsa-ser,Error || Validation.Semantic,exclusive
rsa-ser,Error || Validation.Syntactic,exclusive
rsa-ser,Key || Parameter.AlgorithmChoice,exclusive
rsa-ser,Key || Validation.Semantic,exclusive
rsa-ser,Key || Validation.Syntactic,exclusive
rsa-ser,Parameter.AlgorithmChoice || Validation.Semantic,exclusive
rsa-ser,Parameter.AlgorithmChoice || Validation.Syntactic,exclusive
rsa-ser,Validation.Semantic || Validation.Syntactic,exclusive
ec-ser,Encoding.ASN1+Error+Parameter.DomainParameter+Validation.Semantic || Encoding.ASN1+Error+Validation.Semantic,exclusive
ec-ser,Encoding.ASN1+Error+Parameter.DomainParameter+Validation.Semantic || Encoding.ASN1+Error+Validation.Syntactic,exclusive
ec-ser,Encoding.ASN1+Error+Parameter.DomainParameter+Validation.Semantic || Encoding.ASN1+Output,exclusive
ec-ser,Encoding.ASN1+Error+Parameter.DomainParameter+Validation.Semantic || Encoding.KeyPoint+Error+Validation.Semantic,exclusive
ec-ser,Encoding.ASN1+Error+Parameter.DomainParameter+Validation.Semantic || Error,exclusive
ec-ser,Encoding.ASN1+Error+Parameter.DomainParameter+Validation.Semantic || Error+Key+Validation.Semantic,exclusive
ec-ser,Encoding.ASN1+Error+Parameter.DomainParameter+Validation.Semantic || Error+Key.PrivateScalar+Validation.Semantic,exclusive
ec-ser,Encoding.ASN1+Error+Parameter.DomainParameter+Validation.Semantic || Error+Key.PublicPrivateConsistency+Validation.Semantic,exclusive
ec-ser,Encoding.ASN1+Error+Parameter.DomainParameter+Validation.Semantic || Error+Membership.CurveMembership+Validation.Semantic,exclusive
ec-ser,Encoding.ASN1+Error+Parameter.DomainParameter+Validation.Semantic || Output+Validation.Semantic,exclusive
ec-ser,Encoding.ASN1+Error+Validation.Semantic || Encoding.ASN1+Error+Validation.Syntactic,exclusive
ec-ser,Encoding.ASN1+Error+Validation.Semantic || Encoding.ASN1+Output,exclusive
ec-ser,Encoding.ASN1+Error+Validation.Semantic || Encoding.KeyPoint+Error+Validation.Semantic,exclusive
ec-ser,Encoding.ASN1+Error+Validation.Semantic || Error,exclusive
ec-ser,Encoding.ASN1+Error+Validation.Semantic || Error+Key+Validation.Semantic,exclusive
ec-ser,Encoding.ASN1+Error+Validation.Semantic || Error+Key.PrivateScalar+Validation.Semantic,exclusive
ec-ser,Encoding.ASN1+Error+Validation.Semantic || Error+Key.PublicPrivateConsistency+Validation.Semantic,exclusive
ec-ser,Encoding.ASN1+Error+Validation.Semantic || Error+Membership.CurveMembership+Validation.Semantic,exclusive
ec-ser,Encoding.ASN1+Error+Validation.Semantic || Output+Validation.Semantic,exclusive
ec-ser,Encoding.ASN1+Error+Validation.Syntactic || Encoding.ASN1+Output,exclusive
ec-ser,Encoding.ASN1+Error+Validation.Syntactic || Error,exclusive
ec-ser,Encoding.ASN1+Error+Validation.Syntactic || Error+Key+Validation.Semantic,exclusive
ec-ser,Encoding.ASN1+Error+Validation.Syntactic || Error+Key.PrivateScalar+Validation.Semantic,exclusive
ec-ser,Encoding.ASN1+Error+Validation.Syntactic || Error+Key.PublicPrivateConsistency+Validation.Semantic,exclusive
ec-ser,Encoding.ASN1+Error+Validation.Syntactic || Error+Membership.CurveMembership+Validation.Semantic,exclusive
ec-ser,Encoding.ASN1+Error+Validation.Syntactic || Output+Validation.Semantic,exclusive
ec-ser,Encoding.ASN1+Output || Encoding.KeyPoint+Error+Validation.Semantic,exclusive
ec-ser,Encoding.ASN1+Output || Error+Key+Validation.Semantic,exclusive
ec-ser,Encoding.ASN1+Output || Error+Key.PrivateScalar+Validation.Semantic,exclusive
ec-ser,Encoding.ASN1+Output || Error+Key.PublicPrivateConsistency+Validation.Semantic,exclusive
ec-ser,Encoding.ASN1+Output || Error+Membership.CurveMembership+Validation.Semantic,exclusive
ec-ser,Encoding.ASN1+Output || Output+Validation.Semantic,exclusive
ec-ser,Encoding.KeyPoint+Error+Validation.Semantic || Error,exclusive
ec-ser,Encoding.KeyPoint+Error+Validation.Semantic || Error+Key+Validation.Semantic,exclusive
ec-ser,Encoding.KeyPoint+Error+Validation.Semantic || Error+Key.PrivateScalar+Validation.Semantic,exclusive
ec-ser,Encoding.KeyPoint+Error+Validation.Semantic || Error+Key.PublicPrivateConsistency+Validation.Semantic,exclusive
ec-ser,Encoding.KeyPoint+Error+Validation.Semantic || Error+Membership.CurveMembership+Validation.Semantic,exclusive
ec-ser,Encoding.KeyPoint+Error+Validation.Semantic || Output+Validation.Semantic,exclusive
ec-ser,Error || Error+Key+Validation.Semantic,exclusive
ec-ser,Error || Error+Key.PrivateScalar+Validation.Semantic,exclusive
ec-ser,Error || Error+Key.PublicPrivateConsistency+Validation.Semantic,exclusive
ec-ser,Error || Error+Membership.CurveMembership+Validation.Semantic,exclusive
ec-ser,Error || Output+Validation.Semantic,exclusive
ec-ser,Error+Key+Validation.Semantic || Error+Key.PrivateScalar+Validation.Semantic,exclusive
ec-ser,Error+Key+Validation.Semantic || Error+Key.PublicPrivateConsistency+Validation.Semantic,exclusive
ec-ser,Error+Key+Validation.Semantic || Error+Membership.CurveMembership+Validation.Semantic,exclusive
ec-ser,Error+Key+Validation.Semantic || Output+Validation.Semantic,exclusive
ec-ser,Error+Key.PrivateScalar+Validation.Semantic || Output+Validation.Semantic,exclusive
ec-ser,Error+Key.PublicPrivateConsistency+Validation.Semantic || Output+Validation.Semantic,exclusive
ec-ser,Error+Membership.CurveMembership+Validation.Semantic || Output+Validation.Semantic,exclusive
