mutationId,operation,state,matchingForeignClasses
HKDF-LENGTH-BOUNDARY-CROSSING,hkdf,exclusive,
GCM-PLAINTEXT-NORMALIZATION,gcm,exclusive,
GCM-AAD-ABSENT-EMPTY-DIVERGENCE,gcm,exclusive,
GCM-AAD-IGNORED,gcm,exclusive,
GCM-IV-INTERPRETATION-DIVERGENCE,gcm,exclusive,
GCM-CIPHERTEXT-COMPUTATION-DIVERGENCE,gcm,exclusive,
GCM-AUTHENTICATION-BYPASS,gcm,exclusive,
GCM-ARTIFACT-C-T-SWAP,gcm,exclusive,
GCM-ARTIFACT-STRUCTURE-CORRUPTION,gcm,exclusive,
GCM-KEY-PROFILE-BOUNDARY-BYPASS,gcm,exclusive,
GCM-IV-PROFILE-BOUNDARY-BYPASS,gcm,exclusive,
GCM-TAGLENGTH-PROFILE-BOUNDARY-BYPASS,gcm,exclusive,
OAEP-MESSAGE-NORMALIZATION,oaep,reproduced,PSS-SIGN-MESSAGE-NORMALIZATION|PSS-SIGNATURE-COMPUTATION-DIVERGENCE|PSS-SIGNATURE-LENGTH-DIVERGENCE
OAEP-CIPHERTEXT-COMPUTATION-DIVERGENCE,oaep,reproduced,PSS-SIGN-MESSAGE-NORMALIZATION|PSS-SIGNATURE-COMPUTATION-DIVERGENCE|PSS-SIGNATURE-LENGTH-DIVERGENCE
OAEP-CIPHERTEXT-LENGTH-DIVERGENCE,oaep,reproduced,PSS-SIGN-MESSAGE-NORMALIZATION|PSS-SIGNATURE-COMPUTATION-DIVERGENCE|PSS-SIGNATURE-LENGTH-DIVERGENCE
OAEP-MODULUS-PROFILE-BYPASS,oaep,reproduced,PSS-MODULUS-PROFILE-BYPASS|PSS-HASH-PROFILE-BYPASS|PSS-MGF-COUPLING-BYPASS|PSS-SALTLENGTH-PROFILE-BYPASS|PSS-KEY-ROLE-BYPASS
OAEP-HASH-PROFILE-BYPASS,oaep,reproduced,PSS-MODULUS-PROFILE-BYPASS|PSS-HASH-PROFILE-BYPASS|PSS-MGF-COUPLING-BYPASS|PSS-SALTLENGTH-PROFILE-BYPASS|PSS-KEY-ROLE-BYPASS
OAEP-MGF-COUPLING-BYPASS,oaep,reproduced,PSS-MODULUS-PROFILE-BYPASS|PSS-HASH-PROFILE-BYPASS|PSS-MGF-COUPLING-BYPASS|PSS-SALTLENGTH-PROFILE-BYPASS|PSS-KEY-ROLE-BYPASS
OAEP-LABEL-PROFILE-BYPASS,oaep,reproduced,PSS-MODULUS-PROFILE-BYPASS|PSS-HASH-PROFILE-BYPASS|PSS-MGF-COUPLING-BYPASS|PSS-SALTLENGTH-PROFILE-BYPASS|PSS-KEY-ROLE-BYPASS
OAEP-MESSAGE-BOUNDARY-BYPASS,oaep,reproduced,PSS-MODULUS-PROFILE-BYPASS|PSS-HASH-PROFILE-BYPASS|PSS-MGF-COUPLING-BYPASS|PSS-SALTLENGTH-PROFILE-BYPASS|PSS-KEY-ROLE-BYPASS
OAEP-KEY-ROLE-BYPASS,oaep,reproduced,PSS-MODULUS-PROFILE-BYPASS|PSS-HASH-PROFILE-BYPASS|PSS-MGF-COUPLING-BYPASS|PSS-SALTLENGTH-PROFILE-BYPASS|PSS-KEY-ROLE-BYPASS
PSS-SIGN-MESSAGE-NORMALIZATION,pss,reproduced,OAEP-MESSAGE-NORMALIZATION|OAEP-CIPHERTEXT-COMPUTATION-DIVERGENCE|OAEP-CIPHERTEXT-LENGTH-DIVERGENCE
PSS-VERIFY-MESSAGE-NORMALIZATION,pss,exclusive,
PSS-SIGNATURE-COMPUTATION-DIVERGENCE,pss,reproduced,OAEP-MESSAGE-NORMALIZATION|OAEP-CIPHERTEXT-COMPUTATION-DIVERGENCE|OAEP-CIPHERTEXT-LENGTH-DIVERGENCE
PSS-SIGNATURE-LENGTH-DIVERGENCE,pss,reproduced,OAEP-MESSAGE-NORMALIZATION|OAEP-CIPHERTEXT-COMPUTATION-DIVERGENCE|OAEP-CIPHERTEXT-LENGTH-DIVERGENCE
PSS-MODULUS-PROFILE-BYPASS,pss,reproduced,OAEP-MODULUS-PROFILE-BYPASS|OAEP-HASH-PROFILE-BYPASS|OAEP-MGF-COUPLING-BYPASS|OAEP-LABEL-PROFILE-BYPASS|OAEP-MESSAGE-BOUNDARY-BYPASS|OAEP-KEY-ROLE-BYPASS
PSS-HASH-PROFILE-BYPASS,pss,reproduced,OAEP-MODULUS-PROFILE-BYPASS|OAEP-HASH-PROFILE-BYPASS|OAEP-MGF-COUPLING-BYPASS|OAEP-LABEL-PROFILE-BYPASS|OAEP-MESSAGE-BOUNDARY-BYPASS|OAEP-KEY-ROLE-BYPASS
PSS-MGF-COUPLING-BYPASS,pss,reproduced,OAEP-MODULUS-PROFILE-BYPASS|OAEP-HASH-PROFILE-BYPASS|OAEP-MGF-COUPLING-BYPASS|OAEP-LABEL-PROFILE-BYPASS|OAEP-MESSAGE-BOUNDARY-BYPASS|OAEP-KEY-ROLE-BYPASS
PSS-SALTLENGTH-PROFILE-BYPASS,pss,reproduced,OAEP-MODULUS-PROFILE-BYPASS|OAEP-HASH-PROFILE-BYPASS|OAEP-MGF-COUPLING-BYPASS|OAEP-LABEL-PROFILE-BYPASS|OAEP-MESSAGE-BOUNDARY-BYPASS|OAEP-KEY-ROLE-BYPASS
PSS-KEY-ROLE-BYPASS,pss,reproduced,OAEP-MODULUS-PROFILE-BYPASS|OAEP-HASH-PROFILE-BYPASS|OAEP-MGF-COUPLING-BYPASS|OAEP-LABEL-PROFILE-BYPASS|OAEP-MESSAGE-BOUNDARY-BYPASS|OAEP-KEY-ROLE-BYPASS
PSS-VERIFICATION-FALSE-ACCEPT,pss,exclusive,
PSS-VERIFICATION-FALSE-REJECT,pss,exclusive,
RSA-SER-PUBLIC-MATERIAL-DIVERGENCE,rsa-ser,exclusive,
RSA-SER-PRIVATE-MATERIAL-DIVERGENCE,rsa-ser,exclusive,
RSA-SER-DER-IMPORT-BYPASS,rsa-ser,reproduced,EC-CURVE-SUBSTITUTION|EC-PUBLIC-POINT-ENCODING|EC-PUBLIC-DER-MALFORMED|EC-PRIVATE-DER-MALFORMED
RSA-SER-DER-EXPORT-DIVERGENCE,rsa-ser,reproduced,EC-PUBLIC-OFF-CURVE|EC-PRIVATE-SCALAR-RANGE|EC-PRIVATE-PAIR-MISMATCH
RSA-SER-CONTAINER-IMPORT-BYPASS,rsa-ser,reproduced,EC-PRIVATE-PUBKEY-ABSENT
RSA-SER-CONTAINER-EXPORT-DIVERGENCE,rsa-ser,exclusive,
RSA-SER-TRAILING-DATA-BYPASS,rsa-ser,reproduced,EC-CURVE-SUBSTITUTION|EC-PUBLIC-POINT-ENCODING|EC-PUBLIC-DER-MALFORMED|EC-PRIVATE-DER-MALFORMED
RSA-SER-ROLE-CONTAINER-BYPASS,rsa-ser,exclusive,
RSA-SER-OID-IMPORT-PROFILE-BYPASS,rsa-ser,reproduced,EC-CURVE-SUBSTITUTION|EC-PUBLIC-POINT-ENCODING|EC-PUBLIC-DER-MALFORMED|EC-PRIVATE-DER-MALFORMED
RSA-SER-OID-EXPORT-DIVERGENCE,rsa-ser,exclusive,
RSA-SER-PARAMETERS-IMPORT-PROFILE-BYPASS,rsa-ser,reproduced,EC-CURVE-SUBSTITUTION|EC-PUBLIC-POINT-ENCODING|EC-PUBLIC-DER-MALFORMED|EC-PRIVATE-DER-MALFORMED
RSA-SER-PARAMETERS-EXPORT-CANONICALIZATION-DIVERGENCE,rsa-ser,exclusive,
RSA-SER-PUBLIC-VALIDITY-BYPASS,rsa-ser,reproduced,EC-PUBLIC-OFF-CURVE|EC-PRIVATE-SCALAR-RANGE|EC-PRIVATE-PAIR-MISMATCH
RSA-SER-PRIVATE-DOMAIN-BYPASS,rsa-ser,reproduced,EC-PUBLIC-OFF-CURVE|EC-PRIVATE-SCALAR-RANGE|EC-PRIVATE-PAIR-MISMATCH
RSA-SER-PRIVATE-RELATIONAL-BYPASS,rsa-ser,reproduced,EC-PUBLIC-OFF-CURVE|EC-PRIVATE-SCALAR-RANGE|EC-PRIVATE-PAIR-MISMATCH
EC-CURVE-SUBSTITUTION,ec-ser,reproduced,RSA-SER-DER-IMPORT-BYPASS|RSA-SER-TRAILING-DATA-BYPASS|RSA-SER-OID-IMPORT-PROFILE-BYPASS|RSA-SER-PARAMETERS-IMPORT-PROFILE-BYPASS
EC-PUBLIC-POINT-ENCODING,ec-ser,reproduced,RSA-SER-DER-IMPORT-BYPASS|RSA-SER-TRAILING-DATA-BYPASS|RSA-SER-OID-IMPORT-PROFILE-BYPASS|RSA-SER-PARAMETERS-IMPORT-PROFILE-BYPASS
EC-PUBLIC-OFF-CURVE,ec-ser,reproduced,RSA-SER-DER-EXPORT-DIVERGENCE|RSA-SER-PUBLIC-VALIDITY-BYPASS|RSA-SER-PRIVATE-DOMAIN-BYPASS|RSA-SER-PRIVATE-RELATIONAL-BYPASS
EC-PRIVATE-SCALAR-RANGE,ec-ser,reproduced,RSA-SER-DER-EXPORT-DIVERGENCE|RSA-SER-PUBLIC-VALIDITY-BYPASS|RSA-SER-PRIVATE-DOMAIN-BYPASS|RSA-SER-PRIVATE-RELATIONAL-BYPASS
EC-PRIVATE-PAIR-MISMATCH,ec-ser,reproduced,RSA-SER-DER-EXPORT-DIVERGENCE|RSA-SER-PUBLIC-VALIDITY-BYPASS|RSA-SER-PRIVATE-DOMAIN-BYPASS|RSA-SER-PRIVATE-RELATIONAL-BYPASS
EC-PUBLIC-DER-MALFORMED,ec-ser,reproduced,RSA-SER-DER-IMPORT-BYPASS|RSA-SER-TRAILING-DATA-BYPASS|RSA-SER-OID-IMPORT-PROFILE-BYPASS|RSA-SER-PARAMETERS-IMPORT-PROFILE-BYPASS
EC-PRIVATE-DER-MALFORMED,ec-ser,reproduced,RSA-SER-DER-IMPORT-BYPASS|RSA-SER-TRAILING-DATA-BYPASS|RSA-SER-OID-IMPORT-PROFILE-BYPASS|RSA-SER-PARAMETERS-IMPORT-PROFILE-BYPASS
EC-PRIVATE-PARAMS-ABSENT,ec-ser,exclusive,
EC-PRIVATE-PARAMS-MISMATCH,ec-ser,exclusive,
EC-PRIVATE-PUBKEY-ABSENT,ec-ser,reproduced,RSA-SER-CONTAINER-IMPORT-BYPASS
