operation,relation,cause,cells
ec-ser,R_byte,structurally-non-comparable,13
ec-ser,R_err,structurally-non-comparable,6
ec-ser,R_interop,contractually-non-eligible,1
ec-ser,R_interop,structurally-non-comparable,4
ec-ser,R_ser,structurally-non-comparable,5
ec-ser,R_val,structurally-non-comparable,2
gcm,R_byte,structurally-non-comparable,7
gcm,R_err,structurally-non-comparable,6
gcm,R_interop,contractually-non-eligible,4
gcm,R_ser,structurally-non-comparable,4
gcm,R_val,structurally-non-comparable,1
hkdf,R_byte,structurally-non-comparable,3
hkdf,R_err,structurally-non-comparable,6
hkdf,R_val,structurally-non-comparable,2
oaep,R_err,structurally-non-comparable,5
oaep,R_interop,contractually-non-eligible,6
oaep,R_interop,structurally-non-comparable,1
oaep,R_interop,zero-executable-support,1
oaep,R_val,structurally-non-comparable,2
pss,R_err,structurally-non-comparable,9
pss,R_interop,contractually-non-eligible,6
pss,R_interop,structurally-non-comparable,5
pss,R_val,structurally-non-comparable,3
rsa-ser,R_byte,structurally-non-comparable,11
rsa-ser,R_err,structurally-non-comparable,10
rsa-ser,R_interop,contractually-non-eligible,1
rsa-ser,R_interop,structurally-non-comparable,4
rsa-ser,R_ser,structurally-non-comparable,5
rsa-ser,R_val,structurally-non-comparable,1
