operation,relation,pass,fail,total
hkdf,R_byte,12,0,12
hkdf,R_val,18,0,18
hkdf,R_err,0,6,6
hkdf,R_cap,24,0,24
gcm,R_byte,15,0,15
gcm,R_interop,36,30,66
gcm,R_ser,18,15,33
gcm,R_val,28,15,43
gcm,R_err,0,28,28
gcm,R_cap,46,0,46
oaep,R_interop,0,18,18
oaep,R_val,28,0,28
oaep,R_err,0,19,19
oaep,R_cap,33,0,33
pss,R_interop,0,18,18
pss,R_val,21,9,30
pss,R_err,0,12,12
pss,R_cap,36,0,36
rsa-ser,R_byte,15,0,15
rsa-ser,R_interop,28,38,66
rsa-ser,R_ser,3,30,33
rsa-ser,R_val,40,17,57
rsa-ser,R_err,12,0,12
rsa-ser,R_cap,60,0,60
ec-ser,R_interop,38,10,48
ec-ser,R_ser,3,21,24
ec-ser,R_val,26,7,33
ec-ser,R_err,14,0,14
ec-ser,R_cap,39,0,39
